horario,tempo_viagem_min,distancia_km,imagem,emocao,tempo_sem_parada_min,decisao,origem
17.5,249.0,213.74,restaurante,desconhecido,249.0,descansar,sintetico
7.64,362.5,267.81,restaurante,cansado,122.0,fazer_parada,sintetico
20.18,594.7,855.54,desconhecida,desconhecido,226.1,abastecer,sintetico
7.13,185.6,118.62,restaurante,neutro,149.4,fazer_parada,sintetico
3.67,239.4,172.75,desconhecida,cansado,180.9,descansar,sintetico
18.23,74.0,54.85,ponto_turistico,animado,74.0,registrar_ponto_turistico,sintetico
10.09,31.3,29.61,estrada,desconhecido,25.2,continuar,sintetico
19.08,488.4,633.04,restaurante,desconhecido,328.0,abastecer,sintetico
7.65,445.6,470.53,desconhecida,neutro,359.8,abastecer,sintetico
6.86,63.7,95.98,ponto_turistico,animado,54.9,registrar_ponto_turistico,sintetico
8.63,104.4,160.85,desconhecida,bravo,58.0,fazer_parada,sintetico
16.53,324.7,228.32,desconhecida,neutro,79.9,continuar,sintetico
21.87,598.6,393.03,restaurante,tenso,598.6,fazer_parada,sintetico
18.2,32.1,22.18,ponto_turistico,cansado,8.7,continuar,sintetico
20.19,7.3,4.79,posto,desconhecido,6.6,continuar,sintetico
9.01,573.3,470.13,desconhecida,desconhecido,573.3,abastecer,sintetico
12.77,365.9,513.64,desconhecida,desconhecido,81.6,fazer_parada,sintetico
4.56,189.8,193.56,desconhecida,neutro,22.0,continuar,sintetico
15.43,422.6,528.3,desconhecida,cansado,422.6,descansar,sintetico
10.82,424.0,583.91,estrada,cansado,312.1,descansar,sintetico
21.18,378.2,371.8,restaurante,tenso,378.2,fazer_parada,sintetico
21.42,182.5,187.21,desconhecida,desconhecido,162.8,fazer_parada,sintetico
13.05,269.0,197.5,desconhecida,cansado,41.1,continuar,sintetico
9.73,390.8,520.16,desconhecida,desconhecido,235.8,abastecer,sintetico
18.94,113.5,71.92,desconhecida,animado,24.0,continuar,sintetico
15.59,9.8,7.2,desconhecida,cansado,9.8,continuar,sintetico
1.74,173.0,114.08,restaurante,cansado,108.5,descansar,sintetico
12.92,177.4,274.82,estrada,neutro,177.4,alimentar,sintetico
16.83,54.8,75.75,desconhecida,desconhecido,54.8,continuar,sintetico
19.29,141.7,149.68,restaurante,desconhecido,60.3,continuar,sintetico
6.93,89.8,79.53,desconhecida,bravo,11.4,continuar,sintetico
22.78,140.6,178.53,desconhecida,desconhecido,140.6,descansar,sintetico
10.08,275.7,371.14,estrada,desconhecido,73.0,continuar,sintetico
10.52,311.2,217.26,desconhecida,desconhecido,311.2,fazer_parada,sintetico
17.46,504.4,598.78,restaurante,cansado,504.4,descansar,sintetico
17.79,86.8,79.54,desconhecida,bravo,74.4,fazer_parada,sintetico
15.34,90.0,120.6,ponto_turistico,neutro,68.4,registrar_ponto_turistico,sintetico
20.19,200.6,216.94,ponto_turistico,desconhecido,102.1,registrar_ponto_turistico,sintetico
15.16,75.2,87.96,desconhecida,neutro,36.8,continuar,sintetico
14.54,161.0,226.01,estrada,tenso,79.7,fazer_parada,sintetico
13.21,546.6,784.79,restaurante,tenso,207.7,fazer_parada,sintetico
17.59,89.2,90.49,desconhecida,desconhecido,89.2,continuar,sintetico
16.57,22.4,34.18,estrada,desconhecido,6.7,continuar,sintetico
20.19,590.5,882.17,desconhecida,animado,491.8,abastecer,sintetico
22.52,180.7,137.11,estrada,tenso,180.7,descansar,sintetico
6.24,592.8,919.17,estrada,neutro,216.8,abastecer,sintetico
8.38,198.6,296.46,ponto_turistico,desconhecido,198.6,registrar_ponto_turistico,sintetico
13.54,120.0,118.97,ponto_turistico,bravo,3.9,continuar,sintetico
7.17,189.9,157.03,posto,cansado,189.9,descansar,sintetico
8.15,89.2,122.34,ponto_turistico,cansado,1.4,continuar,sintetico
7.37,99.4,126.16,estrada,bravo,90.4,fazer_parada,sintetico
11.31,213.7,213.09,desconhecida,desconhecido,85.2,continuar,sintetico
23.31,387.9,565.13,desconhecida,desconhecido,164.1,descansar,sintetico
17.95,249.5,377.27,desconhecida,cansado,66.7,continuar,sintetico
6.85,226.2,266.85,desconhecida,neutro,35.2,continuar,sintetico
10.92,259.7,204.6,desconhecida,neutro,199.3,fazer_parada,sintetico
22.43,105.9,104.59,desconhecida,bravo,30.7,continuar,sintetico
11.99,153.8,171.33,restaurante,cansado,153.8,descansar,sintetico
22.92,464.8,672.88,desconhecida,desconhecido,70.2,abastecer,sintetico
14.52,218.6,252.51,ponto_turistico,neutro,218.6,registrar_ponto_turistico,sintetico
11.69,187.0,236.04,desconhecida,neutro,187.0,alimentar,sintetico
8.17,171.6,114.62,estrada,bravo,110.4,fazer_parada,sintetico
14.95,74.5,102.19,estrada,tenso,40.2,continuar,sintetico
22.42,510.9,698.42,posto,bravo,510.9,descansar,sintetico
10.64,29.1,41.6,restaurante,desconhecido,8.3,fazer_parada,sintetico
20.11,474.0,651.59,estrada,desconhecido,474.0,abastecer,sintetico
11.5,103.7,142.76,desconhecida,neutro,11.5,registrar_ponto_turistico,sintetico
10.1,95.9,91.76,estrada,desconhecido,34.3,continuar,sintetico
21.06,579.7,359.6,desconhecida,desconhecido,579.7,fazer_parada,sintetico
18.7,108.3,166.82,restaurante,animado,108.3,alimentar,sintetico
22.75,209.5,196.03,desconhecida,cansado,57.5,continuar,sintetico
15.76,147.2,185.82,estrada,desconhecido,54.8,continuar,sintetico
10.68,416.8,294.27,desconhecida,cansado,188.4,descansar,sintetico
12.27,52.2,37.72,posto,neutro,1.4,continuar,sintetico
19.26,364.0,531.95,restaurante,tenso,232.9,fazer_parada,sintetico
16.62,273.6,335.02,restaurante,desconhecido,158.9,fazer_parada,sintetico
9.75,155.8,137.99,ponto_turistico,animado,155.8,registrar_ponto_turistico,sintetico
22.07,33.8,34.91,restaurante,neutro,33.8,continuar,sintetico
19.58,112.4,92.67,restaurante,cansado,5.5,continuar,sintetico
9.45,237.4,300.06,posto,desconhecido,237.4,abastecer,sintetico
11.72,149.1,111.18,posto,neutro,110.2,continuar,sintetico
8.9,521.8,709.45,estrada,cansado,376.5,descansar,sintetico
9.52,554.2,731.1,desconhecida,cansado,554.2,descansar,sintetico
9.52,136.2,110.04,estrada,desconhecido,40.5,continuar,sintetico
9.44,172.8,160.67,estrada,tenso,44.3,continuar,sintetico
21.08,241.9,274.2,estrada,desconhecido,98.4,continuar,sintetico
4.64,221.1,349.47,ponto_turistico,tenso,109.5,fazer_parada,sintetico
17.46,498.7,297.93,desconhecida,cansado,498.7,descansar,sintetico
10.02,82.5,96.13,estrada,bravo,21.6,continuar,sintetico
16.13,512.6,710.18,posto,neutro,390.6,abastecer,sintetico
13.06,416.0,616.57,estrada,neutro,23.1,continuar,sintetico
16.91,409.9,356.83,estrada,bravo,409.9,fazer_parada,sintetico
11.11,34.9,54.56,estrada,neutro,26.4,continuar,sintetico
5.87,20.8,24.5,desconhecida,neutro,14.0,continuar,sintetico
16.06,594.9,657.06,estrada,desconhecido,163.7,abastecer,sintetico
6.98,58.0,83.51,desconhecida,neutro,58.0,continuar,sintetico
9.55,22.1,30.68,restaurante,desconhecido,14.8,continuar,sintetico
21.01,114.6,141.16,estrada,animado,114.6,continuar,sintetico
22.04,51.1,41.57,desconhecida,animado,12.6,continuar,sintetico
19.43,202.2,132.97,estrada,desconhecido,9.8,continuar,sintetico
7.64,196.1,246.56,desconhecida,desconhecido,178.4,fazer_parada,sintetico
6.16,513.5,347.52,desconhecida,neutro,283.8,descansar,sintetico
0.38,340.9,384.02,desconhecida,desconhecido,61.1,continuar,sintetico
9.95,268.2,356.43,desconhecida,cansado,268.2,descansar,sintetico
10.56,186.5,163.84,ponto_turistico,cansado,186.5,descansar,sintetico
13.03,135.2,159.62,posto,animado,116.8,alimentar,sintetico
13.78,370.0,565.2,desconhecida,desconhecido,183.4,abastecer,sintetico
16.76,46.7,45.88,ponto_turistico,animado,46.7,registrar_ponto_turistico,sintetico
19.08,192.5,272.25,estrada,desconhecido,192.5,alimentar,sintetico
23.97,232.6,298.86,desconhecida,cansado,138.1,descansar,sintetico
6.42,96.9,131.39,desconhecida,neutro,48.5,continuar,sintetico
12.57,195.4,136.47,ponto_turistico,desconhecido,126.6,continuar,sintetico
20.82,181.8,253.07,desconhecida,desconhecido,181.8,alimentar,sintetico
8.0,347.1,415.74,desconhecida,desconhecido,347.1,abastecer,sintetico
6.16,78.9,81.64,desconhecida,animado,78.9,continuar,sintetico
7.92,44.5,46.34,desconhecida,animado,34.1,continuar,sintetico
10.03,86.9,121.69,posto,neutro,86.4,continuar,sintetico
7.62,344.2,292.77,ponto_turistico,animado,339.2,registrar_ponto_turistico,sintetico
14.77,102.3,105.96,desconhecida,tenso,90.1,fazer_parada,sintetico
8.11,106.0,84.26,estrada,neutro,106.0,continuar,sintetico
6.58,166.8,119.32,estrada,desconhecido,26.5,continuar,sintetico
10.14,164.8,97.66,desconhecida,desconhecido,134.7,fazer_parada,sintetico
11.81,157.8,161.45,restaurante,tenso,99.1,fazer_parada,sintetico
9.21,204.1,297.76,desconhecida,cansado,204.1,descansar,sintetico
11.65,391.5,442.29,desconhecida,neutro,391.5,abastecer,sintetico
20.19,52.8,73.4,estrada,desconhecido,20.6,continuar,sintetico
18.25,492.5,368.01,desconhecida,desconhecido,257.6,abastecer,sintetico
15.76,122.4,140.8,estrada,desconhecido,31.2,continuar,sintetico
12.34,80.6,80.59,estrada,cansado,21.9,continuar,sintetico
18.62,506.2,418.12,estrada,neutro,492.0,abastecer,sintetico
3.42,53.2,83.37,desconhecida,cansado,51.2,continuar,sintetico
18.84,325.2,274.61,restaurante,desconhecido,325.2,alimentar,sintetico
20.56,194.8,172.88,desconhecida,cansado,117.5,descansar,sintetico
23.63,283.7,183.0,estrada,tenso,63.1,continuar,sintetico
13.05,198.1,193.8,desconhecida,desconhecido,198.1,alimentar,sintetico
14.24,526.1,827.49,restaurante,neutro,188.9,abastecer,sintetico
22.94,159.4,135.44,desconhecida,tenso,146.2,descansar,sintetico
12.69,137.3,105.96,estrada,desconhecido,121.1,continuar,sintetico
17.26,128.7,122.02,estrada,desconhecido,128.7,continuar,sintetico
6.03,533.2,512.79,estrada,neutro,157.0,abastecer,sintetico
18.4,80.1,97.67,desconhecida,tenso,65.8,fazer_parada,sintetico
11.93,523.9,608.5,restaurante,desconhecido,118.2,abastecer,sintetico
17.85,296.6,203.02,posto,animado,296.6,fazer_parada,sintetico
19.34,53.6,65.52,estrada,bravo,25.4,continuar,sintetico
20.29,85.8,96.5,posto,neutro,50.6,continuar,sintetico
23.33,283.3,379.77,posto,desconhecido,283.3,descansar,sintetico
4.82,69.9,72.81,desconhecida,neutro,55.0,continuar,sintetico
20.94,99.7,119.8,estrada,desconhecido,40.1,continuar,sintetico
13.51,518.7,468.97,restaurante,neutro,313.8,abastecer,sintetico
12.13,312.3,200.15,desconhecida,desconhecido,312.3,alimentar,sintetico
19.17,200.3,134.92,posto,desconhecido,200.3,alimentar,sintetico
10.28,232.3,284.76,estrada,cansado,87.4,descansar,sintetico
21.17,470.6,679.95,desconhecida,desconhecido,470.6,abastecer,sintetico
9.78,13.3,17.18,estrada,animado,2.5,continuar,sintetico
18.65,164.7,151.38,desconhecida,animado,164.7,alimentar,sintetico
12.96,75.1,47.88,estrada,tenso,10.3,continuar,sintetico
16.77,416.2,560.65,desconhecida,bravo,416.2,fazer_parada,sintetico
7.16,35.3,34.13,desconhecida,animado,5.9,continuar,sintetico
2.97,287.2,378.41,desconhecida,tenso,48.5,continuar,sintetico
13.12,103.9,71.1,restaurante,neutro,64.7,alimentar,sintetico
7.51,487.8,518.97,desconhecida,neutro,487.8,abastecer,sintetico
20.47,546.8,515.94,restaurante,tenso,232.9,fazer_parada,sintetico
2.84,412.2,414.26,ponto_turistico,tenso,68.7,fazer_parada,sintetico
12.6,19.9,24.62,estrada,bravo,19.9,continuar,sintetico
8.81,244.2,370.61,posto,desconhecido,114.6,abastecer,sintetico
20.04,508.3,305.53,posto,bravo,18.2,abastecer,sintetico
6.04,370.8,384.08,desconhecida,cansado,370.8,descansar,sintetico
18.87,317.6,447.16,desconhecida,cansado,317.6,descansar,sintetico
2.49,521.2,778.4,estrada,cansado,90.5,abastecer,sintetico
15.41,424.4,605.4,desconhecida,desconhecido,133.2,abastecer,sintetico
20.92,226.5,293.0,ponto_turistico,neutro,202.5,alimentar,sintetico
17.0,111.4,133.57,desconhecida,neutro,62.6,continuar,sintetico
18.06,549.8,564.27,desconhecida,neutro,549.8,abastecer,sintetico
21.94,42.8,61.2,desconhecida,tenso,42.8,continuar,sintetico
15.92,297.4,334.97,desconhecida,desconhecido,103.9,continuar,sintetico
18.31,213.1,205.61,desconhecida,neutro,24.2,continuar,sintetico
20.21,315.9,383.12,desconhecida,animado,315.9,abastecer,sintetico
11.38,198.1,296.0,desconhecida,tenso,89.4,fazer_parada,sintetico
19.56,160.3,169.46,estrada,bravo,21.9,continuar,sintetico
16.49,316.2,470.85,desconhecida,desconhecido,45.0,continuar,sintetico
7.19,368.6,462.42,desconhecida,neutro,368.6,abastecer,sintetico
13.57,89.5,113.0,posto,tenso,89.5,continuar,sintetico
12.95,316.6,196.28,estrada,desconhecido,316.6,alimentar,sintetico
15.62,512.6,370.97,restaurante,desconhecido,512.6,abastecer,sintetico
15.21,254.4,313.34,desconhecida,animado,254.4,fazer_parada,sintetico
12.41,191.3,281.27,desconhecida,neutro,191.3,fazer_parada,sintetico
8.83,144.2,103.55,ponto_turistico,neutro,128.5,registrar_ponto_turistico,sintetico
8.85,38.5,44.93,estrada,tenso,24.0,continuar,sintetico
21.33,211.3,235.52,estrada,desconhecido,19.7,continuar,sintetico
21.47,541.4,627.72,desconhecida,neutro,137.8,abastecer,sintetico
22.86,142.6,120.41,desconhecida,desconhecido,80.5,continuar,sintetico
19.36,189.0,289.7,posto,cansado,189.0,descansar,sintetico
1.38,575.0,565.83,posto,desconhecido,164.7,descansar,sintetico
17.38,591.2,396.23,desconhecida,tenso,591.2,fazer_parada,sintetico
7.99,46.1,50.27,estrada,desconhecido,23.2,continuar,sintetico
19.6,65.6,63.36,desconhecida,desconhecido,14.5,continuar,sintetico
9.99,180.3,272.97,desconhecida,cansado,180.3,fazer_parada,sintetico
9.11,79.1,117.22,posto,neutro,45.5,continuar,sintetico
12.15,79.2,46.85,posto,desconhecido,30.0,continuar,sintetico
13.35,58.7,40.11,desconhecida,desconhecido,58.7,continuar,sintetico
11.44,98.6,125.64,estrada,neutro,98.6,continuar,sintetico
21.12,188.4,176.78,desconhecida,desconhecido,91.8,continuar,sintetico
20.67,67.9,83.33,desconhecida,neutro,67.9,continuar,sintetico
10.46,437.4,266.7,desconhecida,cansado,334.6,descansar,sintetico
9.01,434.6,371.92,estrada,cansado,421.4,descansar,sintetico
6.14,196.6,281.41,ponto_turistico,bravo,196.6,fazer_parada,sintetico
21.47,93.9,79.48,posto,bravo,22.5,fazer_parada,sintetico
8.56,29.0,24.75,estrada,desconhecido,21.1,continuar,sintetico
10.23,202.8,283.98,posto,neutro,24.7,fazer_parada,sintetico
7.92,155.1,121.26,posto,desconhecido,133.9,continuar,sintetico
8.62,361.8,561.92,estrada,desconhecido,21.7,registrar_ponto_turistico,sintetico
13.96,132.5,142.27,restaurante,neutro,72.1,alimentar,sintetico
19.66,150.7,136.28,desconhecida,cansado,150.7,descansar,sintetico
16.04,12.5,15.29,desconhecida,desconhecido,6.1,continuar,sintetico
18.97,261.0,313.26,desconhecida,neutro,191.6,alimentar,sintetico
22.97,300.1,229.16,desconhecida,desconhecido,101.3,continuar,sintetico
14.3,231.0,238.11,estrada,bravo,167.8,fazer_parada,sintetico
19.79,88.6,63.93,desconhecida,desconhecido,51.6,continuar,sintetico
10.0,23.4,14.99,restaurante,tenso,8.2,continuar,sintetico
19.37,511.0,592.06,desconhecida,desconhecido,511.0,abastecer,sintetico
13.31,239.3,265.06,ponto_turistico,animado,239.3,alimentar,sintetico
7.46,324.1,411.13,estrada,desconhecido,324.1,abastecer,sintetico
13.47,437.6,527.87,restaurante,neutro,304.1,abastecer,sintetico
20.74,323.2,311.6,estrada,desconhecido,32.2,continuar,sintetico
21.37,234.9,254.76,posto,desconhecido,147.0,abastecer,sintetico
9.51,233.1,348.0,desconhecida,neutro,233.1,fazer_parada,sintetico
17.45,227.9,159.94,posto,tenso,227.9,fazer_parada,sintetico
12.11,138.3,112.57,estrada,neutro,138.3,alimentar,sintetico
23.66,179.5,282.03,restaurante,neutro,11.9,continuar,sintetico
22.93,523.3,577.7,estrada,desconhecido,432.8,descansar,sintetico
7.92,126.5,91.78,posto,tenso,57.1,continuar,sintetico
12.17,498.6,352.46,estrada,desconhecido,498.6,alimentar,sintetico
8.0,391.0,349.15,desconhecida,desconhecido,174.5,fazer_parada,sintetico
1.17,328.1,370.97,desconhecida,cansado,182.9,descansar,sintetico
19.06,137.1,212.47,desconhecida,tenso,49.4,continuar,sintetico
16.28,235.1,261.55,posto,cansado,235.1,descansar,sintetico
19.54,73.3,56.92,estrada,desconhecido,73.3,continuar,sintetico
19.97,281.0,257.55,desconhecida,animado,159.9,alimentar,sintetico
15.82,127.5,146.35,desconhecida,tenso,70.8,fazer_parada,sintetico
20.91,206.6,267.15,desconhecida,animado,206.6,alimentar,sintetico
7.67,210.4,188.0,ponto_turistico,neutro,210.4,registrar_ponto_turistico,sintetico
22.88,185.1,245.91,desconhecida,desconhecido,185.1,descansar,sintetico
12.48,62.5,40.93,restaurante,cansado,21.2,continuar,sintetico
16.77,515.2,593.05,desconhecida,desconhecido,515.2,abastecer,sintetico
20.38,119.6,77.56,desconhecida,desconhecido,119.6,alimentar,sintetico
13.33,118.4,76.86,ponto_turistico,neutro,118.4,alimentar,sintetico
20.76,100.4,118.59,estrada,desconhecido,59.9,continuar,sintetico
7.52,349.6,533.78,desconhecida,bravo,343.5,fazer_parada,sintetico
17.26,381.9,344.3,estrada,desconhecido,145.7,continuar,sintetico
16.28,270.5,331.49,desconhecida,desconhecido,123.3,continuar,sintetico
17.74,234.9,270.47,desconhecida,animado,26.6,continuar,sintetico
13.97,352.5,224.23,estrada,neutro,352.5,alimentar,sintetico
19.19,17.1,26.96,estrada,tenso,10.7,continuar,sintetico
20.1,12.8,20.03,posto,neutro,7.6,continuar,sintetico
12.63,227.8,343.08,desconhecida,neutro,227.8,alimentar,sintetico
13.84,338.1,288.65,estrada,desconhecido,86.3,continuar,sintetico
3.54,175.4,146.53,estrada,tenso,175.4,descansar,sintetico
11.66,470.0,707.77,restaurante,desconhecido,470.0,abastecer,sintetico
10.4,106.3,127.33,desconhecida,desconhecido,106.3,registrar_ponto_turistico,sintetico
1.79,99.9,131.0,estrada,animado,7.0,continuar,sintetico
21.24,14.2,13.78,estrada,bravo,14.2,continuar,sintetico
6.73,239.0,148.28,desconhecida,animado,239.0,fazer_parada,sintetico
23.63,169.8,121.22,posto,neutro,169.8,descansar,sintetico
8.95,80.6,124.73,desconhecida,desconhecido,80.6,continuar,sintetico
19.81,6.7,10.11,posto,neutro,4.0,fazer_parada,sintetico
13.49,236.9,369.52,restaurante,cansado,204.3,descansar,sintetico
14.25,255.6,338.34,desconhecida,tenso,45.0,continuar,sintetico
10.92,115.7,123.52,desconhecida,desconhecido,16.8,continuar,sintetico
22.49,457.3,627.83,restaurante,desconhecido,279.7,descansar,sintetico
23.62,40.0,46.29,estrada,animado,40.0,continuar,sintetico
22.6,162.2,120.88,estrada,desconhecido,92.5,continuar,sintetico
16.55,460.5,533.52,desconhecida,tenso,460.5,fazer_parada,sintetico
20.81,83.7,94.0,estrada,animado,61.7,continuar,sintetico
22.63,563.8,583.71,restaurante,desconhecido,379.6,descansar,sintetico
18.54,102.9,130.23,desconhecida,cansado,48.8,continuar,sintetico
14.23,36.0,49.43,posto,animado,36.0,continuar,sintetico
18.02,238.5,276.19,ponto_turistico,tenso,88.2,fazer_parada,sintetico
22.9,157.1,138.08,estrada,animado,152.3,descansar,sintetico
9.33,147.9,115.15,desconhecida,tenso,115.6,fazer_parada,sintetico
15.54,7.9,7.3,desconhecida,tenso,7.9,continuar,sintetico
6.11,429.1,394.24,ponto_turistico,bravo,253.5,fazer_parada,sintetico
13.22,190.9,140.79,desconhecida,cansado,190.9,descansar,sintetico
12.4,283.1,310.18,desconhecida,tenso,239.3,fazer_parada,sintetico
19.43,79.3,113.28,estrada,desconhecido,21.5,continuar,sintetico
7.3,134.5,180.2,posto,tenso,134.5,fazer_parada,sintetico
7.34,291.2,235.89,estrada,cansado,291.2,fazer_parada,sintetico
7.54,571.2,450.55,restaurante,bravo,105.6,fazer_parada,sintetico
14.57,216.9,243.02,estrada,desconhecido,21.4,continuar,sintetico
7.97,184.1,237.18,desconhecida,cansado,7.5,continuar,sintetico
13.94,417.0,287.1,desconhecida,neutro,274.6,alimentar,sintetico
10.74,384.1,406.81,ponto_turistico,neutro,155.3,abastecer,sintetico
17.26,23.0,30.68,estrada,desconhecido,18.2,registrar_ponto_turistico,sintetico
18.99,299.1,303.28,estrada,neutro,299.1,alimentar,sintetico
19.01,143.8,102.29,estrada,desconhecido,116.4,alimentar,sintetico
6.35,13.8,17.11,estrada,desconhecido,7.1,continuar,sintetico
5.14,312.6,381.03,desconhecida,desconhecido,23.5,continuar,sintetico
11.33,198.6,216.05,desconhecida,desconhecido,198.6,fazer_parada,sintetico
7.02,531.2,762.88,desconhecida,bravo,496.5,fazer_parada,sintetico
22.85,40.2,24.59,posto,tenso,12.5,continuar,sintetico
19.75,552.2,819.39,restaurante,animado,200.7,abastecer,sintetico
9.64,530.1,703.6,desconhecida,neutro,115.6,abastecer,sintetico
19.58,77.4,95.13,desconhecida,tenso,2.7,continuar,sintetico
20.61,570.5,504.41,desconhecida,neutro,431.6,abastecer,sintetico
13.15,276.1,205.36,estrada,neutro,276.1,alimentar,sintetico
12.98,172.7,233.29,ponto_turistico,neutro,22.5,registrar_ponto_turistico,sintetico
1.3,10.4,11.87,desconhecida,tenso,2.4,continuar,sintetico
8.21,207.6,283.41,restaurante,cansado,207.6,descansar,sintetico
17.68,7.4,5.32,estrada,cansado,7.4,continuar,sintetico
12.31,64.6,77.72,ponto_turistico,neutro,64.6,registrar_ponto_turistico,sintetico
14.71,540.5,719.53,posto,desconhecido,152.9,abastecer,sintetico
0.98,66.2,85.29,desconhecida,cansado,65.8,continuar,sintetico
7.31,142.1,221.01,posto,cansado,81.1,descansar,sintetico
15.75,229.5,270.21,ponto_turistico,desconhecido,229.5,registrar_ponto_turistico,sintetico
3.91,46.8,72.51,posto,desconhecido,4.2,continuar,sintetico
19.79,213.1,225.81,estrada,neutro,90.1,continuar,sintetico
19.78,411.9,301.52,restaurante,desconhecido,411.9,alimentar,sintetico
18.31,543.4,341.61,posto,neutro,382.8,abastecer,sintetico
18.34,159.1,166.03,desconhecida,animado,104.7,registrar_ponto_turistico,sintetico
20.35,473.9,482.97,estrada,neutro,374.4,abastecer,sintetico
0.89,102.7,110.8,desconhecida,neutro,75.1,continuar,sintetico
18.35,151.3,186.07,estrada,neutro,66.0,continuar,sintetico
18.75,369.7,390.27,desconhecida,neutro,59.9,abastecer,sintetico
22.3,20.0,20.24,desconhecida,desconhecido,2.4,continuar,sintetico
16.71,581.1,817.52,posto,tenso,581.1,fazer_parada,sintetico
10.52,201.2,212.65,estrada,neutro,201.2,fazer_parada,sintetico
11.75,399.3,540.48,desconhecida,animado,206.6,abastecer,sintetico
20.06,492.3,717.2,ponto_turistico,animado,154.4,abastecer,sintetico
9.63,96.6,125.86,estrada,desconhecido,50.3,continuar,sintetico
15.73,124.3,87.87,desconhecida,tenso,117.0,fazer_parada,sintetico
21.1,28.0,36.29,estrada,neutro,2.3,continuar,sintetico
20.68,292.0,207.43,desconhecida,desconhecido,37.8,continuar,sintetico
6.83,349.2,373.36,restaurante,cansado,49.6,continuar,sintetico
8.53,287.8,207.76,estrada,desconhecido,219.2,continuar,sintetico
15.81,34.1,38.95,ponto_turistico,tenso,34.1,continuar,sintetico
19.85,384.6,241.68,restaurante,desconhecido,8.9,continuar,sintetico
21.59,38.5,56.81,desconhecida,desconhecido,38.5,continuar,sintetico
17.08,135.2,158.13,desconhecida,neutro,135.2,registrar_ponto_turistico,sintetico
21.67,463.5,573.02,desconhecida,desconhecido,463.5,abastecer,sintetico
19.63,599.6,876.35,restaurante,bravo,599.6,fazer_parada,sintetico
17.84,241.5,143.21,estrada,tenso,241.5,fazer_parada,sintetico
18.63,284.9,271.76,posto,cansado,284.9,descansar,sintetico
14.51,236.3,288.71,desconhecida,desconhecido,236.3,fazer_parada,sintetico
21.01,248.3,385.68,desconhecida,neutro,152.6,fazer_parada,sintetico
11.69,220.8,246.38,restaurante,animado,220.8,fazer_parada,sintetico
12.47,329.0,347.7,desconhecida,desconhecido,273.9,alimentar,sintetico
6.89,259.7,310.13,restaurante,neutro,26.4,continuar,sintetico
18.13,126.5,148.2,estrada,tenso,126.5,fazer_parada,sintetico
16.26,368.8,430.37,desconhecida,bravo,53.7,continuar,sintetico
13.59,116.8,148.93,desconhecida,desconhecido,80.9,continuar,sintetico
6.17,530.6,508.99,ponto_turistico,neutro,438.3,abastecer,sintetico
3.29,46.4,39.2,estrada,tenso,46.4,continuar,sintetico
13.3,287.1,221.91,estrada,tenso,199.3,fazer_parada,sintetico
21.0,522.5,718.06,posto,desconhecido,87.5,abastecer,sintetico
11.71,402.7,329.33,restaurante,tenso,402.7,fazer_parada,sintetico
12.31,59.9,73.65,estrada,animado,4.9,continuar,sintetico
11.09,599.4,800.66,posto,animado,546.9,abastecer,sintetico
11.32,189.7,254.38,desconhecida,animado,87.5,continuar,sintetico
6.4,166.2,163.94,posto,tenso,89.3,fazer_parada,sintetico
13.91,470.0,417.39,posto,cansado,470.0,descansar,sintetico
9.5,117.4,76.55,desconhecida,cansado,101.6,descansar,sintetico
10.89,218.9,320.19,restaurante,neutro,126.1,continuar,sintetico
6.57,97.5,149.06,estrada,desconhecido,97.5,continuar,sintetico
18.75,64.4,70.16,desconhecida,animado,4.7,continuar,sintetico
7.71,197.8,281.84,desconhecida,neutro,197.8,fazer_parada,sintetico
6.89,470.8,611.87,desconhecida,animado,183.9,abastecer,sintetico
19.49,539.0,404.88,desconhecida,neutro,539.0,abastecer,sintetico
22.84,255.8,375.74,estrada,animado,196.4,descansar,sintetico
21.51,592.1,739.93,desconhecida,neutro,592.1,abastecer,sintetico
22.81,52.5,50.33,posto,tenso,12.5,continuar,sintetico
12.49,479.4,398.71,desconhecida,cansado,344.9,descansar,sintetico
16.3,114.8,85.78,desconhecida,neutro,114.8,continuar,sintetico
7.21,413.5,556.29,ponto_turistico,animado,34.4,registrar_ponto_turistico,sintetico
11.23,100.1,99.99,ponto_turistico,desconhecido,74.3,registrar_ponto_turistico,sintetico
21.66,18.6,17.98,desconhecida,tenso,4.6,continuar,sintetico
20.11,142.7,211.88,desconhecida,desconhecido,27.0,continuar,sintetico
19.59,574.8,564.06,desconhecida,desconhecido,574.8,abastecer,sintetico
9.81,18.9,14.45,estrada,cansado,4.9,continuar,sintetico
6.12,141.9,222.88,estrada,bravo,141.9,fazer_parada,sintetico
23.06,88.7,81.01,estrada,tenso,88.7,fazer_parada,sintetico
9.97,153.9,224.25,estrada,animado,113.3,continuar,sintetico
7.48,522.6,679.31,posto,bravo,522.6,fazer_parada,sintetico
17.32,223.3,203.18,ponto_turistico,cansado,62.6,continuar,sintetico
9.97,501.0,619.88,posto,desconhecido,484.1,abastecer,sintetico
14.84,592.7,535.24,estrada,desconhecido,402.7,abastecer,sintetico
16.96,455.6,406.49,estrada,animado,56.2,abastecer,sintetico
23.79,119.6,116.59,estrada,desconhecido,78.8,continuar,sintetico
18.99,194.2,278.3,estrada,desconhecido,88.8,continuar,sintetico
11.75,116.4,177.85,desconhecida,desconhecido,116.4,continuar,sintetico
7.98,197.3,190.46,desconhecida,cansado,87.8,descansar,sintetico
17.91,81.4,105.62,desconhecida,animado,43.8,continuar,sintetico
15.78,241.9,249.31,estrada,cansado,241.9,descansar,sintetico
18.61,477.3,490.78,restaurante,neutro,331.8,abastecer,sintetico
21.98,157.7,117.74,desconhecida,desconhecido,149.0,fazer_parada,sintetico
17.63,231.5,192.37,posto,desconhecido,231.5,fazer_parada,sintetico
13.87,452.0,628.31,restaurante,desconhecido,452.0,abastecer,sintetico
22.57,34.7,33.38,estrada,desconhecido,1.8,continuar,sintetico
12.21,581.1,575.18,restaurante,bravo,581.1,fazer_parada,sintetico
15.08,8.3,6.39,desconhecida,bravo,0.1,continuar,sintetico
8.9,36.3,34.03,ponto_turistico,desconhecido,36.3,registrar_ponto_turistico,sintetico
13.73,425.6,628.49,restaurante,neutro,379.8,abastecer,sintetico
2.61,97.9,86.42,posto,animado,17.8,continuar,sintetico
14.42,585.5,917.03,estrada,desconhecido,585.5,fazer_parada,sintetico
10.8,200.0,202.61,desconhecida,neutro,1.6,continuar,sintetico
13.04,460.0,355.12,desconhecida,desconhecido,289.3,alimentar,sintetico
6.7,70.9,66.27,ponto_turistico,cansado,22.7,continuar,sintetico
9.57,370.1,504.13,desconhecida,tenso,137.5,fazer_parada,sintetico
18.1,432.1,318.45,restaurante,animado,432.1,fazer_parada,sintetico
4.56,232.4,202.85,posto,neutro,14.1,continuar,sintetico
12.1,223.2,244.69,desconhecida,desconhecido,160.9,fazer_parada,sintetico
8.27,590.0,535.66,restaurante,desconhecido,521.6,abastecer,sintetico
16.27,487.7,745.72,desconhecida,neutro,487.7,abastecer,sintetico
11.27,303.4,349.82,restaurante,animado,54.7,continuar,sintetico
19.09,30.9,18.42,desconhecida,tenso,28.8,continuar,sintetico
6.36,117.5,97.23,desconhecida,cansado,31.4,continuar,sintetico
6.76,417.1,656.49,desconhecida,desconhecido,417.1,abastecer,sintetico
21.42,210.7,180.04,posto,animado,77.8,continuar,sintetico
14.18,80.9,57.52,ponto_turistico,cansado,28.5,continuar,sintetico
12.15,187.5,261.49,desconhecida,tenso,187.5,fazer_parada,sintetico
7.99,391.6,310.95,estrada,desconhecido,391.6,fazer_parada,sintetico
14.97,200.3,200.27,ponto_turistico,neutro,94.1,registrar_ponto_turistico,sintetico
20.94,403.5,522.49,restaurante,tenso,403.5,fazer_parada,sintetico
7.84,537.8,402.37,desconhecida,cansado,347.8,descansar,sintetico
22.04,443.3,508.53,ponto_turistico,tenso,20.3,continuar,sintetico
13.87,94.8,110.88,restaurante,desconhecido,27.5,continuar,sintetico
18.58,362.0,341.65,desconhecida,desconhecido,156.0,alimentar,sintetico
12.18,78.7,119.45,desconhecida,desconhecido,78.7,continuar,sintetico
8.97,570.2,406.14,estrada,tenso,481.7,fazer_parada,sintetico
11.16,113.6,76.91,desconhecida,animado,73.0,fazer_parada,sintetico
7.06,292.4,232.97,posto,animado,288.8,fazer_parada,sintetico
12.55,103.6,82.64,desconhecida,bravo,19.1,continuar,sintetico
18.52,461.9,419.01,desconhecida,desconhecido,433.8,alimentar,sintetico
8.82,275.1,220.6,desconhecida,desconhecido,115.6,continuar,sintetico
8.99,87.8,98.81,desconhecida,desconhecido,67.2,continuar,sintetico
21.76,157.7,189.13,desconhecida,neutro,78.3,continuar,sintetico
9.81,197.8,254.6,desconhecida,cansado,1.5,continuar,sintetico
16.48,45.0,52.05,desconhecida,desconhecido,25.0,continuar,sintetico
11.48,97.1,130.68,desconhecida,cansado,81.3,continuar,sintetico
20.1,216.0,190.14,posto,cansado,53.0,continuar,sintetico
1.83,120.4,72.87,estrada,desconhecido,120.4,continuar,sintetico
6.5,436.7,323.93,desconhecida,cansado,404.7,descansar,sintetico
6.0,408.1,568.27,desconhecida,tenso,386.2,fazer_parada,sintetico
21.26,30.3,29.26,posto,neutro,30.3,continuar,sintetico
4.49,62.6,50.03,estrada,cansado,9.1,continuar,sintetico
19.65,182.7,164.64,estrada,bravo,182.7,fazer_parada,sintetico
7.18,385.0,569.5,desconhecida,animado,15.1,continuar,sintetico
6.18,92.9,111.56,desconhecida,desconhecido,92.9,continuar,sintetico
19.81,227.6,149.83,ponto_turistico,desconhecido,227.6,alimentar,sintetico
11.04,355.9,467.71,desconhecida,neutro,355.9,abastecer,sintetico
13.72,143.8,159.73,desconhecida,neutro,109.3,alimentar,sintetico
4.49,293.0,427.68,desconhecida,cansado,70.5,abastecer,sintetico
14.39,392.1,344.03,desconhecida,cansado,232.9,descansar,sintetico
19.36,177.5,259.62,desconhecida,desconhecido,177.5,alimentar,sintetico
10.49,291.1,173.49,desconhecida,cansado,97.2,descansar,sintetico
13.69,39.4,26.72,ponto_turistico,cansado,39.4,continuar,sintetico
14.46,247.5,386.53,desconhecida,animado,163.2,fazer_parada,sintetico
22.9,67.3,85.02,desconhecida,desconhecido,26.3,continuar,sintetico
22.98,232.2,280.26,desconhecida,desconhecido,70.5,continuar,sintetico
6.55,291.4,383.53,ponto_turistico,desconhecido,267.5,registrar_ponto_turistico,sintetico
11.05,330.0,329.89,ponto_turistico,cansado,330.0,descansar,sintetico
4.39,136.3,210.08,desconhecida,neutro,103.1,continuar,sintetico
2.91,144.7,203.3,estrada,neutro,99.9,continuar,sintetico
19.61,464.5,364.2,restaurante,desconhecido,464.5,alimentar,sintetico
18.61,154.5,118.68,estrada,tenso,101.6,fazer_parada,sintetico
21.42,76.1,93.54,ponto_turistico,neutro,47.2,registrar_ponto_turistico,sintetico
11.15,362.1,470.25,desconhecida,tenso,100.8,fazer_parada,sintetico
7.81,385.4,242.11,ponto_turistico,neutro,61.3,registrar_ponto_turistico,sintetico
22.17,204.0,133.87,desconhecida,cansado,123.7,descansar,sintetico
21.44,152.8,191.36,desconhecida,neutro,152.8,fazer_parada,sintetico
12.85,37.4,24.33,posto,desconhecido,14.1,continuar,sintetico
13.99,148.6,133.12,ponto_turistico,bravo,81.2,fazer_parada,sintetico
8.3,194.3,222.93,desconhecida,neutro,162.3,fazer_parada,sintetico
9.33,322.0,487.68,estrada,desconhecido,322.0,abastecer,sintetico
6.17,85.6,128.57,desconhecida,animado,85.6,continuar,sintetico
7.3,599.3,427.34,ponto_turistico,desconhecido,394.1,abastecer,sintetico
7.33,29.5,27.46,restaurante,tenso,28.1,fazer_parada,sintetico
9.21,143.2,126.58,desconhecida,desconhecido,8.6,continuar,sintetico
18.34,334.5,447.13,estrada,tenso,334.5,fazer_parada,sintetico
19.24,333.6,515.01,desconhecida,cansado,331.2,descansar,sintetico
12.1,399.8,240.1,estrada,neutro,399.8,alimentar,sintetico
9.13,209.7,259.93,estrada,neutro,209.7,fazer_parada,sintetico
15.7,124.1,86.46,ponto_turistico,cansado,124.1,fazer_parada,sintetico
14.64,249.2,297.13,estrada,cansado,127.3,descansar,sintetico
22.49,434.0,305.81,estrada,desconhecido,346.4,descansar,sintetico
15.68,219.9,271.99,posto,desconhecido,98.7,abastecer,sintetico
10.48,518.2,768.53,estrada,tenso,8.0,continuar,sintetico
16.48,172.3,121.03,ponto_turistico,desconhecido,154.8,registrar_ponto_turistico,sintetico
12.45,270.2,399.55,desconhecida,neutro,99.9,abastecer,sintetico
14.83,38.7,54.01,posto,cansado,38.2,continuar,sintetico
6.68,134.8,147.16,ponto_turistico,desconhecido,134.8,registrar_ponto_turistico,sintetico
17.37,417.6,279.86,ponto_turistico,animado,417.6,continuar,sintetico
0.86,525.9,473.77,ponto_turistico,neutro,347.7,descansar,sintetico
13.11,20.8,23.74,desconhecida,desconhecido,20.8,continuar,sintetico
22.48,27.7,19.26,ponto_turistico,cansado,20.9,continuar,sintetico
13.32,205.0,203.41,restaurante,neutro,66.2,continuar,sintetico
21.51,247.2,322.7,posto,neutro,22.3,abastecer,sintetico
2.46,578.4,358.27,posto,neutro,578.4,descansar,sintetico
15.21,123.6,159.0,restaurante,desconhecido,2.5,continuar,sintetico
17.95,105.9,85.34,estrada,desconhecido,29.5,continuar,sintetico
9.53,38.8,47.06,ponto_turistico,tenso,38.8,continuar,sintetico
14.31,209.8,178.63,ponto_turistico,bravo,209.8,fazer_parada,sintetico
14.92,209.4,145.95,desconhecida,tenso,103.7,fazer_parada,sintetico
9.58,529.0,812.21,desconhecida,animado,319.8,abastecer,sintetico
13.55,112.8,76.46,restaurante,desconhecido,67.0,alimentar,sintetico
11.61,66.8,45.8,posto,cansado,39.2,continuar,sintetico
10.21,23.3,36.16,estrada,desconhecido,23.3,continuar,sintetico
10.26,340.0,246.9,desconhecida,tenso,150.2,fazer_parada,sintetico
11.58,598.4,466.22,restaurante,tenso,116.6,continuar,sintetico
19.73,467.6,502.04,desconhecida,desconhecido,409.1,abastecer,sintetico
20.36,309.9,371.06,desconhecida,cansado,309.9,descansar,sintetico
8.94,109.2,93.79,posto,animado,109.2,continuar,sintetico
13.83,247.2,186.09,restaurante,bravo,247.2,fazer_parada,sintetico
7.57,338.2,264.67,desconhecida,desconhecido,87.7,continuar,sintetico
10.57,343.9,318.31,posto,desconhecido,189.7,abastecer,sintetico
7.7,553.0,326.93,restaurante,desconhecido,185.1,fazer_parada,sintetico
12.17,348.1,540.92,desconhecida,animado,265.6,abastecer,sintetico
11.93,230.6,358.24,estrada,desconhecido,230.6,alimentar,sintetico
10.13,97.6,77.67,restaurante,desconhecido,36.7,continuar,sintetico
14.52,213.1,162.28,desconhecida,neutro,213.1,fazer_parada,sintetico
14.79,66.3,102.05,desconhecida,animado,66.3,continuar,sintetico
21.8,17.8,17.96,estrada,animado,2.1,continuar,sintetico
1.26,126.0,150.93,restaurante,neutro,54.8,continuar,sintetico
18.36,178.6,148.58,ponto_turistico,bravo,178.6,fazer_parada,sintetico
11.13,276.4,302.93,desconhecida,desconhecido,93.4,continuar,sintetico
6.59,257.6,297.93,estrada,desconhecido,257.6,fazer_parada,sintetico
18.38,275.0,222.22,estrada,neutro,60.8,continuar,sintetico
14.27,96.7,95.34,ponto_turistico,desconhecido,55.2,registrar_ponto_turistico,sintetico
12.43,342.2,454.23,ponto_turistico,desconhecido,128.4,abastecer,sintetico
16.82,186.1,225.81,ponto_turistico,animado,127.8,registrar_ponto_turistico,sintetico
4.73,141.3,141.54,estrada,neutro,26.7,continuar,sintetico
22.11,298.1,283.91,desconhecida,desconhecido,52.2,continuar,sintetico
17.51,297.3,310.88,restaurante,bravo,2.0,continuar,sintetico
20.39,98.6,138.63,estrada,neutro,35.8,continuar,sintetico
18.87,171.6,229.28,restaurante,desconhecido,58.8,continuar,sintetico
16.82,490.2,357.8,desconhecida,desconhecido,490.2,fazer_parada,sintetico
8.98,93.0,134.7,restaurante,desconhecido,15.7,continuar,sintetico
17.29,544.5,743.97,desconhecida,desconhecido,124.3,abastecer,sintetico
16.36,474.3,392.91,estrada,cansado,216.3,descansar,sintetico
16.02,266.3,282.71,ponto_turistico,desconhecido,126.8,registrar_ponto_turistico,sintetico
11.8,118.6,102.81,estrada,neutro,31.3,continuar,sintetico
9.94,363.3,461.47,desconhecida,desconhecido,70.3,abastecer,sintetico
9.89,126.4,133.59,desconhecida,tenso,52.7,continuar,sintetico
4.85,156.8,113.38,estrada,desconhecido,43.0,continuar,sintetico
0.3,578.9,680.99,ponto_turistico,cansado,548.1,descansar,sintetico
15.29,452.3,523.54,estrada,neutro,198.2,abastecer,sintetico
6.22,58.5,55.32,estrada,bravo,58.5,continuar,sintetico
20.62,131.6,113.98,desconhecida,neutro,131.6,alimentar,sintetico
23.25,266.3,327.85,posto,neutro,266.3,descansar,sintetico
11.24,561.6,729.05,desconhecida,neutro,106.1,abastecer,sintetico
22.12,518.0,316.33,desconhecida,tenso,489.2,descansar,sintetico
9.96,54.3,82.7,desconhecida,desconhecido,19.4,continuar,sintetico
21.02,474.7,385.8,desconhecida,bravo,308.8,fazer_parada,sintetico
14.82,345.5,414.92,desconhecida,animado,144.9,fazer_parada,sintetico
13.97,252.3,367.22,estrada,desconhecido,11.7,continuar,sintetico
18.86,159.2,151.11,restaurante,desconhecido,114.1,alimentar,sintetico
7.87,126.5,198.69,desconhecida,desconhecido,126.5,continuar,sintetico
23.3,118.0,170.01,desconhecida,bravo,118.0,descansar,sintetico
13.25,27.7,39.84,ponto_turistico,desconhecido,7.3,registrar_ponto_turistico,sintetico
18.66,423.9,307.36,estrada,animado,328.9,alimentar,sintetico
9.44,223.7,290.68,desconhecida,bravo,213.7,fazer_parada,sintetico
8.72,453.8,295.06,ponto_turistico,bravo,63.7,fazer_parada,sintetico
11.57,163.0,128.63,estrada,neutro,163.0,alimentar,sintetico
13.24,581.8,363.23,desconhecida,cansado,148.6,descansar,sintetico
21.38,18.3,12.61,estrada,desconhecido,15.4,continuar,sintetico
6.72,147.6,169.54,desconhecida,animado,128.4,continuar,sintetico
19.69,113.3,163.88,estrada,neutro,113.3,alimentar,sintetico
16.79,231.9,199.44,posto,desconhecido,75.3,continuar,sintetico
16.57,354.0,314.72,estrada,cansado,32.0,continuar,sintetico
7.54,182.8,205.07,estrada,tenso,127.2,fazer_parada,sintetico
17.35,239.9,246.07,desconhecida,neutro,239.9,fazer_parada,sintetico
21.11,138.5,137.9,ponto_turistico,animado,80.5,registrar_ponto_turistico,sintetico
18.82,328.9,368.88,estrada,neutro,328.9,alimentar,sintetico
15.5,107.5,165.18,desconhecida,desconhecido,107.5,continuar,sintetico
2.93,317.5,328.73,restaurante,bravo,214.2,descansar,sintetico
17.49,518.5,815.63,desconhecida,desconhecido,15.3,continuar,sintetico
13.68,66.2,51.91,desconhecida,desconhecido,42.9,continuar,sintetico
22.59,21.3,16.1,posto,cansado,10.6,continuar,sintetico
9.07,530.6,474.88,estrada,tenso,530.6,fazer_parada,sintetico
12.09,61.3,85.84,restaurante,tenso,61.3,continuar,sintetico
12.71,52.2,47.19,restaurante,desconhecido,10.3,continuar,sintetico
22.44,45.7,41.03,desconhecida,desconhecido,45.7,continuar,sintetico
6.77,80.3,104.14,posto,tenso,45.8,continuar,sintetico
15.03,162.1,237.53,desconhecida,tenso,92.5,fazer_parada,sintetico
7.96,401.7,500.62,posto,neutro,401.7,abastecer,sintetico
6.61,312.8,209.5,ponto_turistico,neutro,62.8,registrar_ponto_turistico,sintetico
20.61,501.0,314.15,desconhecida,desconhecido,501.0,alimentar,sintetico
11.4,456.6,397.76,desconhecida,desconhecido,456.6,abastecer,sintetico
6.34,206.4,277.71,posto,neutro,206.4,abastecer,sintetico
22.37,211.7,170.85,desconhecida,tenso,211.7,descansar,sintetico
17.31,405.8,420.27,desconhecida,tenso,188.1,fazer_parada,sintetico
9.89,132.6,137.29,desconhecida,desconhecido,126.7,continuar,sintetico
10.18,447.0,618.76,estrada,animado,447.0,abastecer,sintetico
7.12,223.9,210.49,estrada,desconhecido,214.5,fazer_parada,sintetico
5.99,152.7,196.0,desconhecida,bravo,152.7,fazer_parada,sintetico
7.45,9.7,10.39,desconhecida,desconhecido,3.3,continuar,sintetico
10.3,418.1,503.9,estrada,bravo,414.6,fazer_parada,sintetico
15.75,359.9,221.2,desconhecida,desconhecido,333.4,fazer_parada,sintetico
17.42,50.3,43.54,posto,tenso,50.3,continuar,sintetico
22.42,505.1,466.99,ponto_turistico,cansado,35.6,continuar,sintetico
17.0,173.5,168.33,estrada,cansado,33.4,continuar,sintetico
12.71,184.0,141.96,posto,desconhecido,139.2,alimentar,sintetico
21.28,217.1,139.78,desconhecida,bravo,93.4,fazer_parada,sintetico
8.9,75.6,81.03,estrada,neutro,56.3,continuar,sintetico
11.54,377.3,548.47,posto,tenso,377.3,fazer_parada,sintetico
4.02,205.1,219.62,estrada,cansado,72.5,continuar,sintetico
13.09,551.1,525.12,desconhecida,cansado,34.8,continuar,sintetico
15.58,219.2,283.05,restaurante,desconhecido,178.3,fazer_parada,sintetico
6.05,496.3,470.04,desconhecida,cansado,235.1,descansar,sintetico
17.91,212.9,235.67,posto,desconhecido,52.9,continuar,sintetico
8.19,69.3,59.54,ponto_turistico,desconhecido,31.4,continuar,sintetico
19.09,182.8,113.82,ponto_turistico,desconhecido,132.1,alimentar,sintetico
6.26,533.2,550.14,desconhecida,cansado,533.2,descansar,sintetico
1.75,246.9,333.08,desconhecida,neutro,165.4,descansar,sintetico
21.26,201.2,269.08,desconhecida,cansado,201.2,descansar,sintetico
11.16,347.5,442.4,estrada,cansado,347.5,descansar,sintetico
20.64,571.5,607.79,restaurante,desconhecido,454.3,abastecer,sintetico
10.47,103.1,62.46,ponto_turistico,tenso,92.6,fazer_parada,sintetico
8.61,136.0,116.06,ponto_turistico,animado,65.2,registrar_ponto_turistico,sintetico
6.03,68.9,100.29,estrada,tenso,68.9,fazer_parada,sintetico
11.9,373.7,423.86,desconhecida,neutro,373.7,alimentar,sintetico
14.61,114.6,153.28,restaurante,cansado,18.8,continuar,sintetico
15.95,14.9,10.21,desconhecida,desconhecido,14.9,continuar,sintetico
18.81,321.3,394.3,estrada,tenso,321.3,fazer_parada,sintetico
13.69,74.5,58.89,desconhecida,bravo,50.7,continuar,sintetico
19.09,87.6,73.51,desconhecida,neutro,69.9,continuar,sintetico
13.98,273.8,263.76,desconhecida,neutro,273.8,alimentar,sintetico
14.78,193.3,216.31,desconhecida,neutro,48.9,continuar,sintetico
14.01,93.5,82.83,estrada,cansado,93.5,continuar,sintetico
17.93,372.6,419.83,desconhecida,desconhecido,12.5,continuar,sintetico
7.97,136.0,144.31,desconhecida,desconhecido,89.2,continuar,sintetico
8.93,117.9,93.95,estrada,cansado,56.4,continuar,sintetico
11.45,577.5,815.09,desconhecida,desconhecido,434.5,abastecer,sintetico
13.09,127.5,137.75,estrada,cansado,127.5,descansar,sintetico
17.6,119.6,160.39,posto,animado,70.5,continuar,sintetico
20.04,566.6,651.22,ponto_turistico,bravo,566.6,fazer_parada,sintetico
19.43,45.8,59.84,posto,desconhecido,29.2,continuar,sintetico
22.84,241.2,186.25,estrada,desconhecido,223.8,descansar,sintetico
21.74,204.1,175.65,estrada,desconhecido,54.8,continuar,sintetico
19.7,294.6,334.99,posto,desconhecido,294.6,abastecer,sintetico
19.52,56.8,39.22,restaurante,desconhecido,56.8,continuar,sintetico
8.46,9.9,10.77,desconhecida,animado,4.4,continuar,sintetico
12.11,156.7,101.54,desconhecida,neutro,3.4,continuar,sintetico
18.02,13.5,13.05,desconhecida,cansado,13.5,continuar,sintetico
17.79,463.5,535.83,desconhecida,neutro,404.1,abastecer,sintetico
11.53,47.0,52.55,desconhecida,desconhecido,47.0,continuar,sintetico
3.39,171.9,222.91,ponto_turistico,desconhecido,171.9,descansar,sintetico
16.2,100.8,109.52,desconhecida,desconhecido,81.1,continuar,sintetico
9.86,473.7,419.34,desconhecida,neutro,473.7,abastecer,sintetico
14.11,158.6,161.21,ponto_turistico,tenso,56.3,continuar,sintetico
6.87,99.8,137.91,estrada,desconhecido,62.1,continuar,sintetico
2.24,174.8,148.65,posto,desconhecido,174.8,descansar,sintetico
3.97,13.8,18.09,estrada,desconhecido,3.0,continuar,sintetico
16.1,41.6,52.59,ponto_turistico,cansado,21.6,continuar,sintetico
14.6,557.1,463.52,desconhecida,desconhecido,515.9,abastecer,sintetico
22.96,360.2,343.49,ponto_turistico,neutro,360.2,descansar,sintetico
0.05,26.7,41.47,desconhecida,desconhecido,17.3,continuar,sintetico
22.89,535.7,415.49,desconhecida,neutro,535.7,descansar,sintetico
14.65,205.3,256.23,desconhecida,cansado,166.3,descansar,sintetico
17.69,110.5,80.96,estrada,cansado,110.5,descansar,sintetico
14.46,12.4,17.77,estrada,desconhecido,12.4,continuar,sintetico
5.76,389.7,417.06,estrada,bravo,57.7,continuar,sintetico
21.12,83.1,103.26,ponto_turistico,cansado,42.0,continuar,sintetico
14.61,525.1,555.44,desconhecida,desconhecido,487.8,abastecer,sintetico
19.85,98.3,99.6,estrada,neutro,78.9,continuar,sintetico
9.4,237.5,271.7,estrada,desconhecido,237.5,fazer_parada,sintetico
13.43,224.0,199.96,restaurante,tenso,122.9,fazer_parada,sintetico
13.09,368.3,248.7,desconhecida,desconhecido,368.3,alimentar,sintetico
12.84,205.6,282.87,desconhecida,cansado,166.0,descansar,sintetico
12.33,253.1,195.24,posto,animado,4.3,continuar,sintetico
19.98,251.7,357.04,posto,tenso,251.7,fazer_parada,sintetico
7.58,386.5,235.55,desconhecida,neutro,386.5,fazer_parada,sintetico
21.9,511.7,765.72,restaurante,neutro,511.7,abastecer,sintetico
9.74,241.4,356.07,desconhecida,desconhecido,241.4,fazer_parada,sintetico
17.58,536.0,678.44,restaurante,neutro,536.0,abastecer,sintetico
16.29,68.3,81.94,desconhecida,desconhecido,48.3,fazer_parada,sintetico
11.87,287.9,230.72,posto,desconhecido,165.4,alimentar,sintetico
10.66,161.5,247.07,desconhecida,desconhecido,161.5,descansar,sintetico
12.09,86.7,106.48,desconhecida,desconhecido,59.7,continuar,sintetico
10.81,508.7,307.07,posto,animado,450.1,abastecer,sintetico
20.17,85.2,90.69,desconhecida,cansado,85.2,continuar,sintetico
5.55,106.2,121.73,restaurante,desconhecido,11.0,continuar,sintetico
3.15,238.0,291.82,estrada,desconhecido,212.5,descansar,sintetico
11.93,25.8,30.14,desconhecida,neutro,7.2,continuar,sintetico
8.0,113.3,141.06,restaurante,desconhecido,113.3,continuar,sintetico
4.42,279.1,376.12,desconhecida,animado,279.1,descansar,sintetico
21.75,45.5,64.54,posto,animado,14.4,continuar,sintetico
15.16,218.7,254.56,desconhecida,desconhecido,29.6,continuar,sintetico
14.81,204.8,161.52,estrada,desconhecido,45.2,continuar,sintetico
16.83,500.3,333.69,desconhecida,cansado,500.3,descansar,sintetico
19.82,219.9,270.18,estrada,neutro,57.3,continuar,sintetico
7.51,16.5,20.52,ponto_turistico,tenso,6.2,continuar,sintetico
16.44,14.3,15.01,estrada,desconhecido,3.4,continuar,sintetico
22.36,214.2,320.99,estrada,neutro,56.0,continuar,sintetico
11.06,501.4,554.03,desconhecida,tenso,334.4,fazer_parada,sintetico
4.48,296.4,453.34,posto,animado,86.1,abastecer,sintetico
7.85,430.9,646.22,desconhecida,cansado,430.9,descansar,sintetico
14.95,53.1,42.44,estrada,tenso,43.7,continuar,sintetico
20.8,164.5,177.0,restaurante,neutro,164.5,alimentar,sintetico
19.24,48.4,67.99,desconhecida,desconhecido,1.4,continuar,sintetico
2.88,150.9,120.31,desconhecida,desconhecido,119.6,descansar,sintetico
11.74,146.5,107.1,desconhecida,bravo,146.5,fazer_parada,sintetico
12.49,427.0,290.04,ponto_turistico,tenso,182.1,fazer_parada,sintetico
16.65,17.2,17.46,estrada,animado,7.5,continuar,sintetico
3.28,75.1,79.66,desconhecida,desconhecido,41.3,continuar,sintetico
8.82,47.7,28.59,posto,cansado,47.3,continuar,sintetico
12.23,404.2,595.23,posto,bravo,404.2,fazer_parada,sintetico
1.99,320.3,436.83,desconhecida,cansado,137.7,descansar,sintetico
3.32,456.9,431.8,restaurante,animado,456.9,descansar,sintetico
10.52,293.0,343.95,posto,desconhecido,198.2,abastecer,sintetico
10.54,235.4,313.98,estrada,desconhecido,235.4,fazer_parada,sintetico
18.32,213.0,137.6,estrada,desconhecido,213.0,fazer_parada,sintetico
20.82,355.7,368.67,ponto_turistico,cansado,306.9,descansar,sintetico
6.33,514.7,512.08,posto,animado,514.7,abastecer,sintetico
21.93,20.8,16.18,ponto_turistico,desconhecido,20.8,registrar_ponto_turistico,sintetico
17.38,240.2,167.15,desconhecida,neutro,57.2,continuar,sintetico
12.84,98.0,107.13,restaurante,desconhecido,9.3,continuar,sintetico
22.55,199.4,136.74,desconhecida,neutro,199.4,descansar,sintetico
22.32,354.6,217.21,desconhecida,animado,354.6,descansar,sintetico
7.43,191.2,181.35,restaurante,desconhecido,191.2,fazer_parada,sintetico
11.57,22.1,27.31,desconhecida,neutro,1.6,continuar,sintetico
15.22,82.8,51.08,ponto_turistico,neutro,60.4,registrar_ponto_turistico,sintetico
12.07,112.6,156.92,desconhecida,tenso,78.3,fazer_parada,sintetico
21.56,418.2,466.47,estrada,cansado,62.7,abastecer,sintetico
8.65,17.2,14.66,ponto_turistico,desconhecido,17.2,registrar_ponto_turistico,sintetico
16.85,144.5,112.63,estrada,desconhecido,117.8,continuar,sintetico
23.89,164.9,150.28,restaurante,desconhecido,55.7,continuar,sintetico
6.27,156.8,172.8,desconhecida,neutro,148.9,fazer_parada,sintetico
6.64,16.0,17.7,posto,desconhecido,9.3,continuar,sintetico
6.38,61.0,61.55,restaurante,cansado,2.8,continuar,sintetico
20.36,177.1,126.65,estrada,tenso,48.1,continuar,sintetico
11.74,108.9,96.06,desconhecida,animado,108.9,continuar,sintetico
20.47,588.3,821.19,restaurante,desconhecido,195.5,abastecer,sintetico
16.76,6.3,5.82,posto,desconhecido,6.3,continuar,sintetico
18.7,524.0,682.58,desconhecida,tenso,524.0,fazer_parada,sintetico
16.61,285.5,339.68,desconhecida,animado,184.2,fazer_parada,sintetico
1.63,47.5,44.3,desconhecida,desconhecido,12.4,continuar,sintetico
9.37,33.4,35.16,posto,animado,33.4,continuar,sintetico
10.02,503.8,696.64,estrada,bravo,294.8,fazer_parada,sintetico
13.71,318.8,443.62,desconhecida,desconhecido,318.8,abastecer,sintetico
7.91,62.9,93.41,estrada,tenso,33.2,continuar,sintetico
16.31,437.3,330.84,ponto_turistico,tenso,116.0,fazer_parada,sintetico
10.73,201.9,269.32,desconhecida,tenso,155.2,fazer_parada,sintetico
11.92,40.1,46.5,desconhecida,desconhecido,29.2,continuar,sintetico
9.52,292.3,184.64,desconhecida,cansado,292.3,descansar,sintetico
18.24,174.6,179.8,ponto_turistico,desconhecido,115.5,registrar_ponto_turistico,sintetico
19.43,184.6,159.77,posto,cansado,184.6,descansar,sintetico
21.82,94.4,129.76,estrada,neutro,69.5,continuar,sintetico
18.62,184.2,131.46,desconhecida,desconhecido,47.8,continuar,sintetico
12.75,143.8,143.22,ponto_turistico,desconhecido,143.8,alimentar,sintetico
19.38,584.4,670.72,estrada,desconhecido,263.8,fazer_parada,sintetico
21.49,185.8,256.45,ponto_turistico,cansado,7.2,fazer_parada,sintetico
20.53,493.5,516.64,restaurante,neutro,493.5,abastecer,sintetico
9.48,483.5,498.07,estrada,desconhecido,288.2,abastecer,sintetico
0.46,20.1,16.53,desconhecida,desconhecido,20.1,registrar_ponto_turistico,sintetico
13.17,132.8,202.51,restaurante,cansado,132.8,descansar,sintetico
13.88,430.5,463.29,desconhecida,desconhecido,430.5,abastecer,sintetico
14.76,514.4,524.79,estrada,desconhecido,514.4,abastecer,sintetico
20.3,113.3,168.49,estrada,cansado,12.0,continuar,sintetico
13.56,238.4,278.42,desconhecida,animado,213.9,alimentar,sintetico
22.71,227.5,333.69,ponto_turistico,desconhecido,167.8,descansar,sintetico
14.49,99.8,134.47,posto,bravo,93.2,fazer_parada,sintetico
7.91,32.7,48.67,desconhecida,neutro,32.7,continuar,sintetico
16.28,481.2,472.3,desconhecida,cansado,481.2,descansar,sintetico
10.68,42.6,64.54,estrada,desconhecido,10.3,continuar,sintetico
20.16,429.8,509.43,desconhecida,desconhecido,429.8,abastecer,sintetico
10.23,116.7,115.6,restaurante,desconhecido,116.7,continuar,sintetico
13.08,554.3,709.69,restaurante,neutro,554.3,abastecer,sintetico
20.06,99.2,140.48,desconhecida,tenso,99.2,fazer_parada,sintetico
2.17,223.6,215.68,desconhecida,desconhecido,223.6,descansar,sintetico
7.05,366.5,239.56,posto,neutro,366.5,fazer_parada,sintetico
15.02,144.6,178.55,ponto_turistico,animado,144.6,registrar_ponto_turistico,sintetico
6.5,353.3,511.77,estrada,bravo,156.5,fazer_parada,sintetico
16.75,517.4,475.88,estrada,desconhecido,517.4,abastecer,sintetico
6.47,351.8,252.49,desconhecida,desconhecido,351.8,fazer_parada,sintetico
9.33,143.4,224.42,desconhecida,neutro,70.9,continuar,sintetico
18.5,31.1,23.23,restaurante,desconhecido,31.1,continuar,sintetico
19.57,162.9,208.14,restaurante,bravo,162.9,fazer_parada,sintetico
16.55,185.9,222.72,posto,desconhecido,181.6,fazer_parada,sintetico
13.29,22.1,23.39,restaurante,desconhecido,14.5,continuar,sintetico
7.18,13.4,20.16,restaurante,neutro,8.5,continuar,sintetico
19.33,556.4,707.67,desconhecida,cansado,344.7,descansar,sintetico
18.34,448.5,704.88,estrada,desconhecido,348.3,abastecer,sintetico
9.46,231.4,299.42,estrada,desconhecido,231.4,fazer_parada,sintetico
13.72,45.5,66.01,desconhecida,desconhecido,32.4,continuar,sintetico
12.34,95.8,56.94,posto,desconhecido,95.8,continuar,sintetico
20.99,470.9,366.55,posto,animado,470.9,abastecer,sintetico
7.26,256.6,260.74,restaurante,desconhecido,100.1,continuar,sintetico
12.24,336.8,404.81,estrada,desconhecido,336.8,alimentar,sintetico
14.25,216.0,248.16,estrada,desconhecido,214.9,fazer_parada,sintetico
20.84,595.8,618.34,desconhecida,cansado,311.0,descansar,sintetico
16.24,170.9,214.39,posto,desconhecido,170.9,fazer_parada,sintetico
18.43,110.6,154.2,desconhecida,desconhecido,101.0,continuar,sintetico
21.73,495.7,298.12,restaurante,neutro,31.4,continuar,sintetico
17.71,25.9,28.59,ponto_turistico,desconhecido,21.2,registrar_ponto_turistico,sintetico
18.61,140.0,218.09,restaurante,desconhecido,118.1,alimentar,sintetico
13.78,118.7,176.8,desconhecida,cansado,77.6,continuar,sintetico
18.26,32.2,45.65,posto,bravo,32.2,continuar,sintetico
13.44,115.0,101.25,estrada,cansado,90.2,continuar,sintetico
9.01,75.4,84.85,posto,desconhecido,75.4,continuar,sintetico
18.4,83.9,55.63,desconhecida,desconhecido,13.4,continuar,sintetico
19.69,124.3,120.69,estrada,neutro,85.3,continuar,sintetico
18.84,561.5,701.95,restaurante,desconhecido,561.5,abastecer,sintetico
13.45,487.1,570.65,ponto_turistico,bravo,433.8,fazer_parada,sintetico
18.26,235.9,205.51,posto,tenso,51.0,continuar,sintetico
8.62,596.6,548.93,posto,desconhecido,532.1,abastecer,sintetico
6.75,536.7,344.65,estrada,desconhecido,384.9,fazer_parada,sintetico
19.28,120.3,115.56,estrada,animado,18.9,continuar,sintetico
15.71,82.8,56.18,estrada,tenso,82.8,fazer_parada,sintetico
8.03,191.7,229.99,ponto_turistico,tenso,191.7,fazer_parada,sintetico
6.14,59.3,84.55,estrada,neutro,47.7,continuar,sintetico
16.34,242.2,187.07,estrada,desconhecido,40.8,continuar,sintetico
22.54,134.4,176.54,desconhecida,cansado,76.5,continuar,sintetico
11.64,295.6,441.09,restaurante,tenso,51.0,continuar,sintetico
22.79,227.2,145.97,estrada,animado,227.2,descansar,sintetico
8.54,154.0,240.55,restaurante,desconhecido,154.0,fazer_parada,sintetico
16.11,98.0,57.47,ponto_turistico,neutro,5.6,registrar_ponto_turistico,sintetico
13.97,266.6,235.15,ponto_turistico,desconhecido,10.9,registrar_ponto_turistico,sintetico
10.02,8.3,5.3,ponto_turistico,desconhecido,7.3,registrar_ponto_turistico,sintetico
11.2,348.2,215.7,posto,cansado,136.3,descansar,sintetico
3.18,189.7,236.86,desconhecida,cansado,140.1,descansar,sintetico
11.76,270.5,320.27,desconhecida,desconhecido,71.3,continuar,sintetico
12.9,326.7,216.29,desconhecida,cansado,277.2,descansar,sintetico
12.3,564.5,688.2,estrada,tenso,203.5,fazer_parada,sintetico
7.49,446.2,673.1,desconhecida,animado,409.2,abastecer,sintetico
21.86,173.6,272.65,desconhecida,bravo,173.6,fazer_parada,sintetico
16.34,56.7,76.76,desconhecida,neutro,56.7,continuar,sintetico
10.39,90.2,140.13,restaurante,cansado,90.2,continuar,sintetico
13.78,179.4,131.1,restaurante,neutro,83.0,alimentar,sintetico
4.28,256.4,156.07,desconhecida,desconhecido,256.4,descansar,sintetico
16.58,271.3,427.73,desconhecida,desconhecido,53.8,continuar,sintetico
16.88,477.3,380.22,posto,neutro,477.3,abastecer,sintetico
4.8,105.3,114.84,ponto_turistico,desconhecido,49.4,registrar_ponto_turistico,sintetico
22.38,214.8,245.27,estrada,animado,206.7,descansar,sintetico
13.98,593.7,430.41,desconhecida,cansado,593.7,descansar,sintetico
21.25,597.5,474.65,posto,neutro,537.9,abastecer,sintetico
17.22,518.0,640.5,desconhecida,desconhecido,518.0,fazer_parada,sintetico
22.62,22.1,16.74,desconhecida,desconhecido,1.5,continuar,sintetico
22.6,261.7,362.88,estrada,desconhecido,4.8,continuar,sintetico
13.25,111.7,69.2,restaurante,desconhecido,53.0,continuar,sintetico
23.54,60.7,74.16,restaurante,cansado,60.7,continuar,sintetico
13.75,518.9,554.98,ponto_turistico,neutro,515.3,abastecer,sintetico
6.57,272.0,380.75,restaurante,desconhecido,94.6,abastecer,sintetico
17.81,474.0,341.62,posto,cansado,105.6,descansar,sintetico
17.18,514.8,615.27,desconhecida,bravo,514.8,fazer_parada,sintetico
10.85,147.8,209.38,estrada,desconhecido,38.2,continuar,sintetico
21.87,140.3,196.51,desconhecida,desconhecido,123.8,continuar,sintetico
3.17,171.8,171.13,posto,desconhecido,171.8,descansar,sintetico
12.69,32.0,42.12,estrada,desconhecido,27.5,continuar,sintetico
12.52,66.0,60.06,desconhecida,tenso,5.6,continuar,sintetico
15.18,389.6,516.2,desconhecida,neutro,256.4,abastecer,sintetico
9.53,397.7,345.78,desconhecida,desconhecido,74.9,continuar,sintetico
6.16,297.4,233.28,desconhecida,desconhecido,45.6,continuar,sintetico
11.91,196.7,200.82,posto,desconhecido,152.6,alimentar,sintetico
11.03,173.4,266.06,desconhecida,bravo,173.4,fazer_parada,sintetico
22.29,388.9,550.15,posto,neutro,212.5,descansar,sintetico
1.72,398.7,546.93,desconhecida,desconhecido,59.1,abastecer,sintetico
14.73,275.9,184.27,desconhecida,desconhecido,32.9,fazer_parada,sintetico
11.86,87.8,102.87,restaurante,tenso,22.1,continuar,sintetico
9.32,195.6,229.68,estrada,cansado,166.2,fazer_parada,sintetico
11.94,44.1,63.6,estrada,bravo,16.6,continuar,sintetico
8.61,410.7,565.99,desconhecida,tenso,410.7,fazer_parada,sintetico
17.92,318.6,234.17,desconhecida,neutro,318.6,fazer_parada,sintetico
7.82,156.9,177.99,posto,animado,156.9,fazer_parada,sintetico
8.61,424.1,634.03,desconhecida,neutro,424.1,abastecer,sintetico
10.61,255.3,248.08,estrada,desconhecido,128.3,continuar,sintetico
19.83,280.2,202.97,desconhecida,cansado,226.6,descansar,sintetico
22.44,386.3,460.7,desconhecida,cansado,107.3,descansar,sintetico
6.48,27.6,25.02,restaurante,tenso,27.6,continuar,sintetico
20.35,299.0,311.22,ponto_turistico,desconhecido,73.0,registrar_ponto_turistico,sintetico
13.16,195.7,275.98,restaurante,animado,77.8,alimentar,sintetico
0.47,262.8,278.61,ponto_turistico,neutro,200.8,descansar,sintetico
14.55,463.6,487.0,desconhecida,bravo,190.0,fazer_parada,sintetico
2.83,229.0,225.05,desconhecida,desconhecido,39.1,continuar,sintetico
7.31,152.4,110.68,posto,neutro,64.5,continuar,sintetico
10.12,309.7,369.01,posto,neutro,93.6,abastecer,sintetico
2.84,425.3,415.89,restaurante,desconhecido,425.3,descansar,sintetico
7.92,135.7,152.41,desconhecida,animado,118.8,continuar,sintetico
12.64,8.0,4.67,estrada,desconhecido,8.0,continuar,sintetico
21.54,563.0,494.04,restaurante,cansado,29.2,continuar,sintetico
11.83,330.7,391.86,desconhecida,tenso,130.1,fazer_parada,sintetico
10.01,516.5,396.47,ponto_turistico,cansado,64.5,abastecer,sintetico
20.65,323.4,261.51,desconhecida,animado,323.4,alimentar,sintetico
18.44,232.9,251.09,estrada,neutro,63.1,continuar,sintetico
12.7,149.5,154.29,estrada,desconhecido,149.5,alimentar,sintetico
17.94,200.8,286.65,ponto_turistico,cansado,200.8,descansar,sintetico
14.07,156.4,234.9,estrada,desconhecido,66.8,continuar,sintetico
19.7,81.8,101.75,estrada,desconhecido,59.6,continuar,sintetico
15.99,20.3,18.18,estrada,tenso,20.3,continuar,sintetico
17.97,129.9,106.13,estrada,neutro,92.0,continuar,sintetico
7.89,107.9,123.52,estrada,desconhecido,88.9,continuar,sintetico
10.84,535.2,472.35,desconhecida,desconhecido,342.2,abastecer,sintetico
20.02,128.0,85.29,restaurante,tenso,81.7,fazer_parada,sintetico
6.8,466.9,350.29,desconhecida,neutro,466.9,fazer_parada,sintetico
18.68,201.5,181.7,desconhecida,neutro,201.5,alimentar,sintetico
19.02,167.2,152.36,desconhecida,desconhecido,16.9,continuar,sintetico
17.97,138.6,109.79,estrada,neutro,138.6,continuar,sintetico
2.36,48.7,45.29,estrada,desconhecido,4.9,continuar,sintetico
14.96,332.3,465.35,estrada,bravo,25.4,continuar,sintetico
9.55,120.2,95.88,desconhecida,tenso,120.2,fazer_parada,sintetico
1.39,99.5,127.21,restaurante,neutro,65.6,continuar,sintetico
19.35,120.4,124.81,ponto_turistico,bravo,2.6,continuar,sintetico
9.98,133.9,137.42,desconhecida,animado,128.8,continuar,sintetico
6.67,35.0,25.09,desconhecida,cansado,35.0,continuar,sintetico
3.08,170.5,116.44,desconhecida,neutro,170.5,descansar,sintetico
14.43,446.8,352.06,posto,desconhecido,446.8,abastecer,sintetico
6.95,16.8,10.01,posto,animado,7.5,continuar,sintetico
19.57,250.8,170.33,ponto_turistico,desconhecido,250.8,alimentar,sintetico
20.0,475.8,513.4,desconhecida,tenso,475.8,fazer_parada,sintetico
21.34,234.9,330.85,desconhecida,desconhecido,68.9,continuar,sintetico
9.54,527.2,557.69,desconhecida,cansado,527.2,descansar,sintetico
7.8,369.3,414.83,estrada,desconhecido,369.3,fazer_parada,sintetico
13.88,105.6,154.36,ponto_turistico,tenso,71.2,fazer_parada,sintetico
18.53,287.0,292.92,posto,tenso,287.0,fazer_parada,sintetico
9.85,254.1,188.28,desconhecida,desconhecido,254.1,fazer_parada,sintetico
12.8,19.3,11.62,restaurante,desconhecido,4.8,continuar,sintetico
20.14,60.2,76.45,estrada,bravo,60.2,fazer_parada,sintetico
11.8,240.0,233.24,restaurante,neutro,240.0,alimentar,sintetico
4.54,183.4,283.6,posto,tenso,183.4,descansar,sintetico
10.54,108.8,141.35,estrada,cansado,108.8,descansar,sintetico
11.52,129.8,140.67,desconhecida,desconhecido,129.8,alimentar,sintetico
15.08,438.6,401.47,posto,bravo,301.1,fazer_parada,sintetico
18.68,127.8,133.07,desconhecida,bravo,127.8,fazer_parada,sintetico
6.78,503.0,783.09,restaurante,cansado,503.0,descansar,sintetico
6.23,593.9,918.97,ponto_turistico,tenso,593.9,fazer_parada,sintetico
8.21,379.5,354.59,ponto_turistico,bravo,151.9,fazer_parada,sintetico
12.18,370.2,229.45,estrada,desconhecido,40.3,continuar,sintetico
6.29,510.4,381.28,desconhecida,cansado,510.4,descansar,sintetico
12.06,77.1,70.97,desconhecida,desconhecido,22.2,continuar,sintetico
2.64,373.6,291.17,desconhecida,cansado,30.7,continuar,sintetico
7.52,110.0,155.23,ponto_turistico,desconhecido,100.3,registrar_ponto_turistico,sintetico
23.77,296.0,465.04,estrada,desconhecido,211.7,descansar,sintetico
20.74,33.1,34.9,desconhecida,animado,33.1,continuar,sintetico
12.53,286.7,225.4,estrada,animado,217.4,alimentar,sintetico
10.37,189.3,198.58,restaurante,desconhecido,6.0,continuar,sintetico
7.13,98.6,104.1,estrada,desconhecido,43.6,continuar,sintetico
22.0,117.9,69.9,posto,cansado,117.9,descansar,sintetico
7.59,219.5,290.2,desconhecida,desconhecido,177.7,fazer_parada,sintetico
19.94,323.8,366.91,restaurante,desconhecido,323.8,alimentar,sintetico
14.38,280.0,316.24,posto,desconhecido,280.0,abastecer,sintetico
18.52,41.1,56.28,posto,neutro,30.3,continuar,sintetico
22.64,161.2,103.88,estrada,animado,161.2,descansar,sintetico
23.93,385.0,281.38,ponto_turistico,bravo,213.7,descansar,sintetico
14.08,368.9,261.46,desconhecida,tenso,159.1,descansar,sintetico
13.11,579.7,688.28,desconhecida,tenso,579.7,fazer_parada,sintetico
5.79,363.9,270.08,posto,desconhecido,213.5,abastecer,sintetico
1.86,114.2,109.01,desconhecida,desconhecido,48.7,continuar,sintetico
15.34,12.0,9.13,desconhecida,bravo,11.5,continuar,sintetico
6.99,400.4,545.34,desconhecida,desconhecido,274.4,abastecer,sintetico
7.03,57.2,65.6,restaurante,cansado,43.3,continuar,sintetico
22.57,282.4,274.23,ponto_turistico,bravo,282.4,descansar,sintetico
6.05,10.5,13.71,estrada,bravo,5.7,continuar,sintetico
11.98,519.6,793.84,estrada,desconhecido,123.8,abastecer,sintetico
21.26,321.4,296.05,desconhecida,neutro,321.4,fazer_parada,sintetico
15.15,6.7,7.51,estrada,desconhecido,6.7,continuar,sintetico
11.25,282.4,233.32,desconhecida,desconhecido,55.9,continuar,sintetico
22.05,58.8,62.66,restaurante,desconhecido,58.8,continuar,sintetico
20.87,139.2,103.24,desconhecida,desconhecido,74.2,continuar,sintetico
13.92,426.3,436.91,ponto_turistico,desconhecido,196.5,abastecer,sintetico
19.97,588.9,521.66,posto,desconhecido,290.1,abastecer,sintetico
18.56,154.6,211.62,desconhecida,animado,81.5,continuar,sintetico
19.38,469.6,423.64,restaurante,tenso,368.9,fazer_parada,sintetico
10.89,227.3,312.76,estrada,neutro,227.3,fazer_parada,sintetico
15.53,370.1,287.74,desconhecida,tenso,370.1,fazer_parada,sintetico
11.45,391.2,236.49,desconhecida,desconhecido,180.5,fazer_parada,sintetico
9.79,52.0,52.34,desconhecida,bravo,22.1,continuar,sintetico
17.19,197.0,137.85,desconhecida,desconhecido,90.6,continuar,sintetico
20.39,206.7,141.27,estrada,tenso,4.1,continuar,sintetico
12.1,198.6,229.59,desconhecida,neutro,151.1,fazer_parada,sintetico
10.55,58.4,85.1,desconhecida,cansado,18.3,continuar,sintetico
13.77,345.7,359.16,desconhecida,desconhecido,180.6,alimentar,sintetico
12.69,587.3,382.01,restaurante,cansado,518.1,descansar,sintetico
18.0,181.9,184.07,desconhecida,tenso,181.9,fazer_parada,sintetico
7.38,391.4,575.86,desconhecida,neutro,224.9,abastecer,sintetico
0.58,126.0,151.4,restaurante,animado,95.3,continuar,sintetico
20.26,208.1,263.5,posto,tenso,84.7,fazer_parada,sintetico
11.13,103.4,93.69,ponto_turistico,cansado,21.1,continuar,sintetico
12.1,81.8,103.93,estrada,bravo,56.6,fazer_parada,sintetico
8.49,125.5,170.52,restaurante,cansado,30.8,continuar,sintetico
20.47,448.8,600.87,restaurante,neutro,23.2,continuar,sintetico
6.53,109.9,69.36,estrada,tenso,109.9,fazer_parada,sintetico
22.83,204.9,213.3,desconhecida,cansado,135.2,descansar,sintetico
6.97,136.0,151.47,posto,desconhecido,32.7,continuar,sintetico
19.78,564.0,374.81,posto,desconhecido,564.0,abastecer,sintetico
8.24,573.7,368.37,posto,desconhecido,372.3,abastecer,sintetico
17.93,340.2,203.99,restaurante,tenso,340.2,fazer_parada,sintetico
10.82,94.6,131.47,desconhecida,desconhecido,59.1,continuar,sintetico
13.66,35.3,34.11,desconhecida,desconhecido,34.1,continuar,sintetico
12.81,117.2,182.35,restaurante,animado,54.4,continuar,sintetico
4.72,384.9,235.8,estrada,tenso,111.5,fazer_parada,sintetico
16.42,80.5,119.54,desconhecida,desconhecido,37.9,continuar,sintetico
2.46,251.2,380.7,ponto_turistico,neutro,107.5,registrar_ponto_turistico,sintetico
12.95,116.4,110.29,ponto_turistico,neutro,0.3,registrar_ponto_turistico,sintetico
20.46,354.5,548.62,desconhecida,desconhecido,170.9,abastecer,sintetico
9.29,507.9,592.82,estrada,desconhecido,300.1,abastecer,sintetico
0.12,518.8,466.17,posto,cansado,518.8,descansar,sintetico
19.84,86.6,73.7,posto,desconhecido,84.1,continuar,sintetico
15.99,98.6,121.29,restaurante,animado,0.3,continuar,sintetico
17.55,451.9,441.49,desconhecida,desconhecido,451.9,fazer_parada,sintetico
19.67,216.8,187.71,desconhecida,neutro,130.2,alimentar,sintetico
15.19,44.5,69.56,estrada,cansado,26.7,continuar,sintetico
6.55,193.1,159.16,ponto_turistico,animado,21.5,registrar_ponto_turistico,sintetico
9.34,550.9,695.33,desconhecida,desconhecido,75.8,abastecer,sintetico
6.23,183.4,175.88,estrada,desconhecido,183.4,fazer_parada,sintetico
16.9,61.1,86.3,estrada,neutro,7.9,continuar,sintetico
18.17,66.6,49.41,estrada,cansado,66.6,continuar,sintetico
1.41,576.4,717.57,ponto_turistico,desconhecido,576.4,descansar,sintetico
14.33,544.3,732.31,estrada,desconhecido,221.1,abastecer,sintetico
9.34,208.0,153.4,posto,desconhecido,191.6,fazer_parada,sintetico
7.28,108.4,69.94,desconhecida,desconhecido,108.4,continuar,sintetico
14.92,284.3,431.29,estrada,desconhecido,284.3,abastecer,sintetico
6.84,405.6,458.44,desconhecida,desconhecido,405.6,abastecer,sintetico
19.36,49.6,69.43,desconhecida,neutro,29.9,continuar,sintetico
3.83,48.9,36.61,estrada,tenso,11.6,continuar,sintetico
21.12,54.9,48.34,desconhecida,cansado,33.2,continuar,sintetico
18.93,230.5,163.08,ponto_turistico,cansado,230.5,descansar,sintetico
21.73,583.8,575.11,desconhecida,desconhecido,583.8,abastecer,sintetico
13.38,502.1,359.27,ponto_turistico,animado,9.3,registrar_ponto_turistico,sintetico
17.49,525.8,802.97,desconhecida,neutro,418.2,abastecer,sintetico
18.58,524.3,440.91,posto,animado,265.3,abastecer,sintetico
17.07,28.7,37.36,estrada,tenso,26.8,continuar,sintetico
20.05,144.0,160.5,ponto_turistico,desconhecido,135.2,alimentar,sintetico
6.84,159.5,248.09,estrada,bravo,159.5,fazer_parada,sintetico
10.1,464.5,534.47,desconhecida,cansado,89.5,descansar,sintetico
21.76,503.7,638.53,ponto_turistico,desconhecido,139.9,abastecer,sintetico
12.0,129.8,92.93,desconhecida,desconhecido,46.4,continuar,sintetico
17.52,246.1,334.44,estrada,bravo,202.0,descansar,sintetico
6.21,148.0,215.55,posto,cansado,31.5,continuar,sintetico
9.48,68.5,40.87,posto,desconhecido,68.5,continuar,sintetico
19.38,256.3,318.06,estrada,animado,43.2,continuar,sintetico
22.13,113.1,98.25,estrada,desconhecido,41.0,continuar,sintetico
10.16,125.9,191.42,posto,desconhecido,125.9,continuar,sintetico
22.43,309.3,181.19,restaurante,cansado,260.9,descansar,sintetico
18.32,453.7,275.3,desconhecida,neutro,69.3,continuar,sintetico
15.39,554.3,719.31,posto,bravo,248.3,fazer_parada,sintetico
14.4,111.3,88.33,desconhecida,neutro,39.3,continuar,sintetico
17.58,486.7,477.89,desconhecida,tenso,486.7,fazer_parada,sintetico
15.57,514.5,562.87,estrada,tenso,514.5,fazer_parada,sintetico
16.33,69.6,89.77,estrada,desconhecido,59.1,continuar,sintetico
20.96,399.2,528.19,desconhecida,desconhecido,335.3,abastecer,sintetico
22.52,340.9,214.07,desconhecida,desconhecido,173.5,descansar,sintetico
16.86,381.7,579.28,restaurante,neutro,28.5,continuar,sintetico
19.7,220.0,346.09,posto,desconhecido,93.1,abastecer,sintetico
8.32,29.5,28.86,posto,desconhecido,22.0,continuar,sintetico
7.2,63.1,64.17,posto,tenso,59.8,fazer_parada,sintetico
8.81,20.0,11.7,estrada,desconhecido,20.0,continuar,sintetico
8.18,137.2,175.22,posto,tenso,39.5,registrar_ponto_turistico,sintetico
13.81,307.4,350.77,estrada,desconhecido,307.4,alimentar,sintetico
22.81,169.3,136.0,estrada,bravo,92.1,fazer_parada,sintetico
20.47,149.9,119.15,restaurante,neutro,52.5,continuar,sintetico
11.61,561.7,683.62,restaurante,tenso,425.7,fazer_parada,sintetico
13.39,588.7,802.26,restaurante,tenso,150.6,fazer_parada,sintetico
22.49,168.7,197.69,desconhecida,cansado,78.7,continuar,sintetico
9.89,53.4,35.68,estrada,neutro,53.4,continuar,sintetico
19.73,17.4,21.36,estrada,desconhecido,0.0,continuar,sintetico
20.13,579.3,865.0,desconhecida,cansado,579.3,descansar,sintetico
6.67,204.5,225.46,desconhecida,desconhecido,204.5,fazer_parada,sintetico
13.33,130.5,103.44,estrada,bravo,25.1,continuar,sintetico
18.4,67.0,73.36,estrada,desconhecido,17.9,continuar,sintetico
22.32,187.0,171.64,desconhecida,desconhecido,187.0,descansar,sintetico
20.93,373.0,310.55,posto,bravo,260.3,fazer_parada,sintetico
11.7,509.3,375.54,restaurante,tenso,509.3,fazer_parada,sintetico
18.42,181.0,150.2,desconhecida,neutro,74.8,continuar,sintetico
14.45,476.1,608.42,desconhecida,tenso,476.1,fazer_parada,sintetico
19.32,53.9,38.53,estrada,desconhecido,53.9,continuar,sintetico
15.13,455.2,474.96,desconhecida,desconhecido,266.3,abastecer,sintetico
7.89,249.2,315.31,desconhecida,cansado,54.4,continuar,sintetico
3.46,116.9,146.05,estrada,desconhecido,76.8,continuar,sintetico
20.42,171.9,214.28,estrada,tenso,171.9,fazer_parada,sintetico
18.63,73.6,51.92,desconhecida,neutro,14.8,continuar,sintetico
18.98,18.8,17.06,desconhecida,tenso,16.1,continuar,sintetico
22.87,344.2,241.79,restaurante,tenso,158.1,descansar,sintetico
16.9,476.7,458.76,desconhecida,tenso,476.2,fazer_parada,sintetico
16.76,303.2,375.74,desconhecida,bravo,270.9,fazer_parada,sintetico
11.91,91.8,107.76,estrada,neutro,67.0,continuar,sintetico
13.55,95.0,56.15,ponto_turistico,tenso,95.0,fazer_parada,sintetico
2.41,387.3,458.12,desconhecida,desconhecido,382.8,descansar,sintetico
16.12,115.7,167.72,desconhecida,cansado,41.4,continuar,sintetico
15.02,79.9,108.9,desconhecida,animado,11.6,continuar,sintetico
20.73,22.1,32.68,posto,desconhecido,22.1,continuar,sintetico
6.38,13.6,9.06,desconhecida,desconhecido,7.5,continuar,sintetico
16.14,330.2,495.66,desconhecida,animado,330.2,abastecer,sintetico
12.55,394.8,482.0,restaurante,desconhecido,141.8,abastecer,sintetico
1.48,216.2,138.81,estrada,cansado,137.3,descansar,sintetico
18.06,75.8,44.61,desconhecida,animado,75.8,continuar,sintetico
9.77,43.1,32.24,desconhecida,animado,10.3,continuar,sintetico
11.72,381.2,567.33,desconhecida,desconhecido,228.8,abastecer,sintetico
9.92,236.8,332.11,desconhecida,desconhecido,229.9,fazer_parada,sintetico
18.05,270.5,174.51,estrada,neutro,270.5,fazer_parada,sintetico
11.85,532.3,386.42,posto,desconhecido,532.3,abastecer,sintetico
17.89,178.9,214.4,desconhecida,desconhecido,63.1,continuar,sintetico
19.55,198.0,243.83,estrada,tenso,10.9,continuar,sintetico
18.25,88.6,65.44,ponto_turistico,desconhecido,33.5,registrar_ponto_turistico,sintetico
13.44,168.8,245.9,estrada,cansado,12.3,continuar,sintetico
19.24,236.6,349.86,estrada,desconhecido,33.0,continuar,sintetico
8.77,226.6,182.19,desconhecida,tenso,56.4,continuar,sintetico
10.05,152.0,136.52,desconhecida,tenso,87.9,fazer_parada,sintetico
8.23,450.4,359.76,desconhecida,neutro,121.3,continuar,sintetico
13.12,86.0,92.6,restaurante,cansado,73.8,alimentar,sintetico
12.05,138.3,177.97,desconhecida,animado,138.3,alimentar,sintetico
3.04,213.7,269.1,posto,animado,213.7,descansar,sintetico
11.7,178.9,119.72,ponto_turistico,tenso,178.9,fazer_parada,sintetico
1.86,575.0,550.57,posto,desconhecido,557.2,descansar,sintetico
7.09,65.0,42.34,desconhecida,tenso,65.0,fazer_parada,sintetico
20.02,244.3,367.84,restaurante,neutro,77.6,abastecer,sintetico
15.67,223.0,224.74,estrada,animado,218.1,fazer_parada,sintetico
19.95,65.1,79.83,estrada,neutro,65.1,continuar,sintetico
22.32,196.4,297.0,restaurante,desconhecido,95.2,continuar,sintetico
19.91,210.6,200.88,restaurante,neutro,210.6,alimentar,sintetico
8.18,582.0,407.02,estrada,cansado,291.8,descansar,sintetico
20.43,213.8,330.86,estrada,neutro,213.8,alimentar,sintetico
18.3,384.9,399.8,desconhecida,cansado,384.9,descansar,sintetico
7.29,52.1,66.54,desconhecida,bravo,52.1,continuar,sintetico
6.15,170.0,106.62,estrada,desconhecido,140.9,fazer_parada,sintetico
12.85,120.6,81.13,estrada,animado,120.6,continuar,sintetico
8.41,489.4,685.41,desconhecida,desconhecido,178.6,abastecer,sintetico
6.41,271.1,338.83,posto,desconhecido,4.7,abastecer,sintetico
6.99,145.6,195.96,estrada,neutro,118.2,continuar,sintetico
22.04,360.9,554.09,posto,tenso,360.9,descansar,sintetico
20.77,236.5,297.43,estrada,animado,15.8,continuar,sintetico
14.45,482.8,639.67,desconhecida,neutro,482.8,abastecer,sintetico
14.42,277.4,387.13,desconhecida,tenso,191.4,fazer_parada,sintetico
13.55,405.6,399.42,posto,neutro,74.7,abastecer,sintetico
15.1,407.0,473.76,desconhecida,desconhecido,407.0,fazer_parada,sintetico
7.86,570.6,869.96,ponto_turistico,desconhecido,570.6,abastecer,sintetico
8.67,234.6,260.14,posto,cansado,234.6,descansar,sintetico
16.94,9.2,6.33,desconhecida,cansado,3.1,continuar,sintetico
14.47,245.6,184.6,desconhecida,bravo,245.6,fazer_parada,sintetico
10.71,195.1,210.36,desconhecida,cansado,18.0,continuar,sintetico
15.9,175.3,151.44,desconhecida,tenso,157.1,fazer_parada,sintetico
10.09,539.6,431.2,desconhecida,cansado,447.8,descansar,sintetico
20.73,348.3,506.6,desconhecida,desconhecido,347.2,abastecer,sintetico
13.95,236.7,280.88,desconhecida,animado,236.7,alimentar,sintetico
11.1,87.5,82.07,desconhecida,cansado,60.3,continuar,sintetico
21.4,539.7,493.24,desconhecida,desconhecido,539.7,abastecer,sintetico
17.51,167.6,185.51,desconhecida,bravo,88.6,fazer_parada,sintetico
8.31,319.2,331.01,desconhecida,tenso,319.2,fazer_parada,sintetico
6.49,514.0,432.08,desconhecida,desconhecido,514.0,abastecer,sintetico
6.55,361.0,237.19,desconhecida,cansado,339.7,descansar,sintetico
21.91,431.2,491.26,posto,cansado,133.0,descansar,sintetico
20.27,94.0,72.18,restaurante,cansado,10.4,continuar,sintetico
17.44,156.0,141.02,estrada,desconhecido,106.6,continuar,sintetico
7.28,150.4,111.28,desconhecida,desconhecido,37.0,continuar,sintetico
6.18,374.3,291.92,ponto_turistico,desconhecido,374.3,registrar_ponto_turistico,sintetico
10.63,111.4,109.12,ponto_turistico,bravo,111.4,fazer_parada,sintetico
7.7,36.1,27.25,posto,desconhecido,36.1,continuar,sintetico
6.15,379.2,267.31,estrada,cansado,155.9,descansar,sintetico
23.59,88.1,58.5,desconhecida,desconhecido,8.8,continuar,sintetico
16.29,527.5,468.01,desconhecida,desconhecido,527.5,abastecer,sintetico
12.74,105.0,122.67,restaurante,neutro,14.1,continuar,sintetico
21.06,480.2,741.79,desconhecida,neutro,480.2,abastecer,sintetico
14.15,98.2,109.56,restaurante,desconhecido,87.2,continuar,sintetico
11.86,571.4,463.5,ponto_turistico,tenso,394.3,fazer_parada,sintetico
9.27,132.7,99.98,desconhecida,desconhecido,37.2,continuar,sintetico
3.95,215.2,250.68,desconhecida,neutro,129.2,descansar,sintetico
4.8,584.7,754.24,desconhecida,neutro,142.2,descansar,sintetico
21.08,202.2,160.67,desconhecida,neutro,143.7,fazer_parada,sintetico
18.61,488.8,491.19,restaurante,neutro,488.8,abastecer,sintetico
3.68,552.3,697.82,restaurante,tenso,302.8,descansar,sintetico
21.55,543.5,807.94,restaurante,desconhecido,452.2,abastecer,sintetico
10.12,59.9,53.78,restaurante,animado,59.9,continuar,sintetico
7.83,176.4,202.11,estrada,tenso,106.8,fazer_parada,sintetico
3.96,74.0,44.01,estrada,bravo,22.6,continuar,sintetico
3.73,344.5,258.88,ponto_turistico,desconhecido,190.4,descansar,sintetico
6.84,84.0,132.21,desconhecida,desconhecido,84.0,continuar,sintetico
16.93,304.5,439.48,desconhecida,tenso,250.2,fazer_parada,sintetico
19.99,95.2,109.64,posto,desconhecido,95.2,continuar,sintetico
10.05,50.0,69.41,desconhecida,desconhecido,26.9,continuar,sintetico
10.57,150.8,108.07,desconhecida,animado,150.8,continuar,sintetico
11.55,329.5,332.92,desconhecida,desconhecido,287.9,alimentar,sintetico
12.41,224.6,352.5,ponto_turistico,neutro,137.1,alimentar,sintetico
5.16,463.6,691.53,estrada,animado,463.6,abastecer,sintetico
18.29,27.5,29.6,posto,desconhecido,27.5,continuar,sintetico
19.59,171.2,235.34,posto,animado,171.2,alimentar,sintetico
20.87,81.1,104.51,ponto_turistico,neutro,60.4,registrar_ponto_turistico,sintetico
12.42,185.9,266.48,desconhecida,bravo,185.9,fazer_parada,sintetico
23.02,379.4,378.77,desconhecida,cansado,379.4,descansar,sintetico
13.59,564.8,582.76,desconhecida,desconhecido,564.8,abastecer,sintetico
0.69,532.9,452.09,desconhecida,desconhecido,412.2,descansar,sintetico
12.68,67.3,49.38,restaurante,desconhecido,32.3,continuar,sintetico
10.15,124.0,102.33,ponto_turistico,animado,124.0,registrar_ponto_turistico,sintetico
17.68,230.1,194.12,desconhecida,animado,230.1,fazer_parada,sintetico
21.8,28.9,42.52,desconhecida,desconhecido,21.7,continuar,sintetico
12.34,521.5,504.16,desconhecida,neutro,369.3,abastecer,sintetico
11.72,547.9,492.52,restaurante,desconhecido,372.8,abastecer,sintetico
10.46,208.2,293.78,desconhecida,tenso,208.2,fazer_parada,sintetico
12.43,222.5,322.2,desconhecida,neutro,21.3,continuar,sintetico
15.81,134.3,122.41,desconhecida,tenso,108.4,fazer_parada,sintetico
15.05,131.4,200.55,ponto_turistico,desconhecido,131.4,registrar_ponto_turistico,sintetico
23.47,277.0,330.08,restaurante,tenso,128.3,descansar,sintetico
7.0,370.5,530.64,desconhecida,desconhecido,118.8,abastecer,sintetico
22.81,395.6,527.16,posto,animado,395.6,descansar,sintetico
21.22,509.4,797.42,restaurante,tenso,313.7,fazer_parada,sintetico
19.24,223.0,219.8,posto,desconhecido,85.0,abastecer,sintetico
6.52,183.6,208.33,ponto_turistico,cansado,129.2,descansar,sintetico
18.01,256.1,322.73,desconhecida,cansado,237.0,descansar,sintetico
6.4,194.1,247.65,restaurante,cansado,66.2,continuar,sintetico
17.85,129.7,195.93,restaurante,cansado,114.2,descansar,sintetico
13.6,94.8,142.74,restaurante,animado,55.9,continuar,sintetico
19.75,445.0,396.69,ponto_turistico,neutro,335.3,alimentar,sintetico
12.69,194.8,163.51,posto,animado,100.7,continuar,sintetico
9.56,513.6,356.53,desconhecida,neutro,513.6,fazer_parada,sintetico
11.69,68.2,58.9,ponto_turistico,cansado,68.2,continuar,sintetico
3.76,494.1,432.05,desconhecida,animado,337.9,descansar,sintetico
0.19,31.2,30.81,posto,tenso,13.3,continuar,sintetico
16.2,183.4,252.27,estrada,bravo,183.4,continuar,sintetico
18.7,397.9,328.41,ponto_turistico,desconhecido,209.7,alimentar,sintetico
1.75,152.8,203.7,desconhecida,neutro,106.5,continuar,sintetico
12.54,473.6,587.17,restaurante,neutro,407.8,abastecer,sintetico
7.1,161.6,238.66,estrada,bravo,151.6,fazer_parada,sintetico
12.45,156.4,194.87,desconhecida,tenso,68.8,fazer_parada,sintetico
6.38,101.5,116.39,estrada,tenso,73.7,fazer_parada,sintetico
17.27,406.4,586.15,posto,cansado,249.8,descansar,sintetico
8.58,130.5,190.36,restaurante,neutro,27.9,continuar,sintetico
20.14,384.9,284.32,desconhecida,desconhecido,204.3,alimentar,sintetico
2.99,143.6,187.24,desconhecida,desconhecido,99.6,registrar_ponto_turistico,sintetico
18.74,164.3,204.1,ponto_turistico,neutro,164.3,alimentar,sintetico
13.57,195.4,160.21,ponto_turistico,animado,154.7,alimentar,sintetico
7.26,55.2,76.41,desconhecida,cansado,41.6,continuar,sintetico
4.7,558.4,856.6,posto,bravo,558.4,descansar,sintetico
19.77,363.4,556.66,ponto_turistico,cansado,86.2,descansar,sintetico
21.7,159.6,144.49,estrada,animado,159.6,fazer_parada,sintetico
2.63,55.5,53.15,desconhecida,animado,15.5,continuar,sintetico
11.12,276.1,324.81,ponto_turistico,desconhecido,262.6,registrar_ponto_turistico,sintetico
14.19,132.3,197.76,posto,tenso,132.3,fazer_parada,sintetico
7.59,104.0,110.82,desconhecida,desconhecido,66.2,continuar,sintetico
12.82,99.1,118.78,desconhecida,tenso,10.8,continuar,sintetico
15.39,160.6,112.05,estrada,desconhecido,72.4,continuar,sintetico
19.53,502.3,685.29,desconhecida,desconhecido,502.3,abastecer,sintetico
15.33,182.7,257.71,desconhecida,cansado,182.7,descansar,sintetico
11.62,194.8,130.88,estrada,cansado,47.6,continuar,sintetico
21.47,122.6,182.74,ponto_turistico,cansado,37.2,continuar,sintetico
9.82,208.4,212.38,desconhecida,bravo,208.4,fazer_parada,sintetico
14.5,103.7,146.5,ponto_turistico,bravo,34.6,continuar,sintetico
16.1,379.3,546.15,restaurante,tenso,61.5,abastecer,sintetico
8.58,179.6,179.95,posto,neutro,91.9,registrar_ponto_turistico,sintetico
12.93,143.7,169.66,desconhecida,desconhecido,137.1,alimentar,sintetico
18.9,292.0,235.36,ponto_turistico,neutro,53.6,registrar_ponto_turistico,sintetico
16.49,165.8,225.48,ponto_turistico,desconhecido,165.8,registrar_ponto_turistico,sintetico
16.18,35.7,32.97,desconhecida,tenso,14.0,continuar,sintetico
19.53,182.1,251.77,restaurante,neutro,46.6,continuar,sintetico
7.28,255.1,333.06,estrada,bravo,43.1,continuar,sintetico
19.33,52.7,72.78,estrada,cansado,52.7,registrar_ponto_turistico,sintetico
8.55,14.7,16.34,desconhecida,cansado,14.7,continuar,sintetico
18.58,209.1,178.22,posto,desconhecido,182.8,alimentar,sintetico
21.34,307.9,183.74,estrada,desconhecido,156.3,fazer_parada,sintetico
7.82,170.4,205.17,desconhecida,cansado,16.3,continuar,sintetico
17.01,589.0,608.64,desconhecida,neutro,589.0,abastecer,sintetico
11.68,71.4,53.4,ponto_turistico,desconhecido,71.4,registrar_ponto_turistico,sintetico
21.96,167.9,127.78,estrada,desconhecido,159.9,fazer_parada,sintetico
12.9,43.7,68.12,estrada,desconhecido,20.8,continuar,sintetico
6.16,208.1,321.34,desconhecida,cansado,150.0,fazer_parada,sintetico
22.15,323.1,380.9,posto,desconhecido,323.1,descansar,sintetico
16.38,190.2,278.05,desconhecida,bravo,99.2,fazer_parada,sintetico
20.67,168.0,230.28,desconhecida,desconhecido,13.8,continuar,sintetico
11.12,395.6,564.08,estrada,neutro,342.1,abastecer,sintetico
16.57,106.7,163.68,desconhecida,desconhecido,28.6,continuar,sintetico
6.33,51.6,72.73,estrada,cansado,5.1,continuar,sintetico
13.55,197.4,146.23,desconhecida,desconhecido,197.4,alimentar,sintetico
11.19,157.2,199.7,desconhecida,cansado,157.2,descansar,sintetico
16.39,364.3,220.27,desconhecida,bravo,81.3,fazer_parada,sintetico
8.28,70.3,58.26,restaurante,cansado,30.2,continuar,sintetico
13.57,137.2,132.87,restaurante,desconhecido,91.6,alimentar,sintetico
7.67,503.8,596.07,estrada,desconhecido,258.7,abastecer,sintetico
12.49,103.8,122.41,ponto_turistico,animado,65.2,registrar_ponto_turistico,sintetico
13.14,344.5,254.16,desconhecida,neutro,344.5,alimentar,sintetico
6.25,364.8,316.43,estrada,neutro,150.2,continuar,sintetico
16.64,314.6,279.05,desconhecida,tenso,28.1,continuar,sintetico
20.27,121.4,138.41,desconhecida,desconhecido,121.4,continuar,sintetico
15.36,12.4,19.5,desconhecida,tenso,8.2,continuar,sintetico
11.22,12.0,7.97,ponto_turistico,bravo,12.0,continuar,sintetico
12.06,28.4,33.82,estrada,desconhecido,4.1,continuar,sintetico
21.44,276.8,304.48,desconhecida,neutro,213.8,fazer_parada,sintetico
19.45,389.9,354.66,restaurante,desconhecido,238.4,alimentar,sintetico
2.64,91.2,73.88,estrada,cansado,91.2,descansar,sintetico
15.86,273.3,296.45,posto,desconhecido,33.9,fazer_parada,sintetico
20.52,26.9,36.03,estrada,desconhecido,3.0,continuar,sintetico
12.16,180.0,247.68,restaurante,neutro,162.5,alimentar,sintetico
16.67,249.8,199.4,estrada,bravo,112.4,fazer_parada,sintetico
21.99,95.5,77.15,estrada,neutro,77.3,continuar,sintetico
10.94,13.8,20.9,estrada,neutro,13.8,continuar,sintetico
14.27,17.6,25.95,ponto_turistico,tenso,0.1,continuar,sintetico
8.89,392.3,249.28,desconhecida,cansado,392.3,descansar,sintetico
20.39,43.0,49.5,restaurante,desconhecido,43.0,continuar,sintetico
11.16,324.7,512.35,ponto_turistico,bravo,324.7,fazer_parada,sintetico
19.7,477.2,463.52,restaurante,desconhecido,44.1,continuar,sintetico
9.2,379.9,350.38,restaurante,animado,308.3,fazer_parada,sintetico
22.7,173.6,144.74,estrada,bravo,173.6,fazer_parada,sintetico
10.18,526.7,365.72,desconhecida,tenso,29.2,continuar,sintetico
19.97,184.5,205.56,estrada,animado,184.5,alimentar,sintetico
20.55,592.4,907.64,ponto_turistico,bravo,592.4,fazer_parada,sintetico
20.08,283.8,274.61,desconhecida,neutro,178.0,alimentar,sintetico
22.62,188.7,235.79,desconhecida,bravo,138.5,descansar,sintetico
14.84,218.1,217.67,posto,desconhecido,218.1,fazer_parada,sintetico
7.61,171.3,104.11,desconhecida,cansado,82.0,descansar,sintetico
9.04,176.5,271.41,estrada,desconhecido,82.6,continuar,sintetico
14.31,112.0,168.05,estrada,tenso,67.4,fazer_parada,sintetico
19.86,381.5,471.59,restaurante,tenso,39.7,continuar,sintetico
16.39,541.9,408.91,ponto_turistico,neutro,541.9,abastecer,sintetico
8.72,115.4,163.11,estrada,neutro,115.4,fazer_parada,sintetico
4.99,487.9,659.61,ponto_turistico,neutro,62.9,registrar_ponto_turistico,sintetico
15.74,359.1,283.0,restaurante,neutro,359.1,descansar,sintetico
9.35,331.5,285.7,desconhecida,desconhecido,331.5,fazer_parada,sintetico
12.1,301.2,176.77,desconhecida,desconhecido,301.2,alimentar,sintetico
15.32,287.9,396.35,ponto_turistico,cansado,13.8,continuar,sintetico
7.66,186.3,124.89,estrada,animado,144.6,fazer_parada,sintetico
14.01,432.1,596.69,posto,neutro,432.1,abastecer,sintetico
13.56,47.5,43.23,estrada,tenso,26.8,continuar,sintetico
23.23,271.6,264.1,estrada,cansado,265.9,descansar,sintetico
16.81,112.7,142.53,restaurante,neutro,112.7,continuar,sintetico
3.74,454.0,476.62,restaurante,tenso,421.8,descansar,sintetico
12.21,333.0,272.42,restaurante,desconhecido,131.8,alimentar,sintetico
13.24,204.7,128.29,desconhecida,animado,185.4,alimentar,sintetico
17.78,221.4,243.34,estrada,cansado,141.0,descansar,sintetico
20.3,239.1,191.59,estrada,desconhecido,239.1,alimentar,sintetico
12.97,130.6,126.87,estrada,desconhecido,130.6,alimentar,sintetico
19.11,112.8,101.14,desconhecida,neutro,37.3,continuar,sintetico
9.31,293.6,183.27,ponto_turistico,desconhecido,293.6,registrar_ponto_turistico,sintetico
7.76,512.1,306.03,desconhecida,tenso,15.2,continuar,sintetico
5.09,225.8,262.82,desconhecida,desconhecido,225.8,fazer_parada,sintetico
10.15,388.0,237.66,estrada,animado,388.0,fazer_parada,sintetico
12.96,112.6,133.87,restaurante,desconhecido,105.7,alimentar,sintetico
8.68,534.4,626.1,restaurante,animado,448.4,abastecer,sintetico
15.51,400.0,345.23,estrada,neutro,21.7,continuar,sintetico
13.07,391.7,454.47,desconhecida,neutro,391.7,abastecer,sintetico
13.7,570.1,902.2,estrada,desconhecido,570.1,abastecer,sintetico
8.64,149.5,161.96,estrada,cansado,137.7,descansar,sintetico
19.51,104.7,96.11,desconhecida,animado,41.7,continuar,sintetico
4.89,288.1,365.29,desconhecida,desconhecido,288.1,descansar,sintetico
20.06,45.1,47.91,desconhecida,desconhecido,32.7,continuar,sintetico
13.16,445.4,260.06,restaurante,animado,22.7,continuar,sintetico
17.78,151.7,180.01,estrada,tenso,151.7,fazer_parada,sintetico
10.83,332.8,410.0,desconhecida,cansado,332.8,descansar,sintetico
12.45,526.6,515.48,desconhecida,cansado,412.6,descansar,sintetico
22.25,124.6,106.99,posto,tenso,4.3,continuar,sintetico
21.87,279.3,414.74,estrada,animado,279.3,fazer_parada,sintetico
18.29,32.7,40.83,desconhecida,desconhecido,32.7,continuar,sintetico
20.79,83.0,93.78,ponto_turistico,tenso,83.0,fazer_parada,sintetico
10.29,142.2,215.99,posto,animado,68.5,continuar,sintetico
13.84,221.1,243.59,estrada,desconhecido,130.4,alimentar,sintetico
17.82,238.8,358.2,desconhecida,bravo,229.8,fazer_parada,sintetico
19.1,190.3,177.47,desconhecida,animado,190.3,fazer_parada,sintetico
23.05,222.1,183.14,desconhecida,tenso,222.1,descansar,sintetico
9.16,23.0,25.89,restaurante,neutro,23.0,continuar,sintetico
11.76,127.9,78.27,desconhecida,desconhecido,70.5,continuar,sintetico
6.61,214.3,337.89,desconhecida,desconhecido,212.2,continuar,sintetico
20.84,428.3,669.59,estrada,desconhecido,428.3,abastecer,sintetico
9.09,58.2,49.61,estrada,bravo,55.7,continuar,sintetico
9.62,419.9,544.67,estrada,cansado,419.9,fazer_parada,sintetico
10.94,255.0,334.13,desconhecida,cansado,255.0,descansar,sintetico
11.05,190.3,191.23,estrada,tenso,54.3,continuar,sintetico
11.62,204.3,316.31,estrada,tenso,204.3,fazer_parada,sintetico
22.23,102.0,124.34,desconhecida,tenso,21.0,continuar,sintetico
13.77,253.7,318.96,posto,desconhecido,92.9,abastecer,sintetico
16.4,449.3,665.54,desconhecida,desconhecido,222.2,abastecer,sintetico
20.51,441.3,532.91,restaurante,desconhecido,304.4,abastecer,sintetico
7.02,75.4,112.35,desconhecida,animado,53.5,continuar,sintetico
22.86,327.1,427.48,restaurante,desconhecido,327.1,descansar,sintetico
11.39,370.2,523.4,estrada,cansado,370.2,descansar,sintetico
3.12,281.0,388.68,estrada,neutro,205.1,descansar,sintetico
3.01,168.5,132.65,estrada,desconhecido,168.5,descansar,sintetico
12.58,125.6,82.06,estrada,cansado,125.6,descansar,sintetico
18.56,137.3,165.05,posto,desconhecido,108.9,continuar,sintetico
11.02,418.5,389.27,desconhecida,animado,149.9,continuar,sintetico
18.23,213.9,286.24,estrada,desconhecido,207.7,fazer_parada,sintetico
6.5,289.3,390.31,desconhecida,cansado,289.3,fazer_parada,sintetico
17.79,130.6,140.31,estrada,cansado,130.6,descansar,sintetico
5.08,84.4,72.35,posto,tenso,84.4,fazer_parada,sintetico
6.29,137.2,167.15,posto,desconhecido,137.2,continuar,sintetico
13.44,29.8,27.33,restaurante,neutro,17.2,continuar,sintetico
8.83,220.6,318.34,estrada,desconhecido,16.8,continuar,sintetico
4.76,544.4,443.6,restaurante,cansado,538.2,descansar,sintetico
20.13,289.6,312.69,posto,neutro,289.6,abastecer,sintetico
16.28,402.4,628.95,desconhecida,cansado,104.1,descansar,sintetico
13.14,49.4,65.61,posto,tenso,22.9,continuar,sintetico
20.27,593.1,791.8,desconhecida,desconhecido,412.4,abastecer,sintetico
19.87,342.4,457.02,estrada,neutro,80.2,abastecer,sintetico
7.27,165.5,199.67,estrada,cansado,55.9,continuar,sintetico
14.22,40.2,63.49,estrada,animado,21.8,continuar,sintetico
7.1,199.6,184.6,estrada,bravo,176.3,fazer_parada,sintetico
20.55,332.8,321.21,desconhecida,animado,322.1,alimentar,sintetico
17.47,306.5,331.14,ponto_turistico,tenso,148.0,fazer_parada,sintetico
12.9,44.0,46.93,estrada,desconhecido,2.7,continuar,sintetico
18.67,516.7,301.99,desconhecida,animado,516.7,alimentar,sintetico
22.31,448.8,335.51,ponto_turistico,tenso,377.3,descansar,sintetico
12.96,532.3,520.8,restaurante,neutro,227.3,abastecer,sintetico
17.28,591.6,379.63,restaurante,desconhecido,591.6,continuar,sintetico
13.9,25.3,27.83,estrada,tenso,25.3,continuar,sintetico
8.54,37.0,37.62,ponto_turistico,cansado,37.0,continuar,sintetico
12.61,115.8,156.36,restaurante,cansado,102.5,descansar,sintetico
13.9,286.0,351.54,desconhecida,neutro,179.0,alimentar,sintetico
14.32,170.9,152.2,estrada,animado,118.1,continuar,sintetico
15.73,334.7,517.08,desconhecida,neutro,186.1,abastecer,sintetico
6.51,391.4,363.54,desconhecida,desconhecido,31.6,continuar,sintetico
18.31,164.5,166.41,posto,animado,164.5,fazer_parada,sintetico
9.42,322.0,382.26,estrada,desconhecido,295.3,descansar,sintetico
22.54,580.2,883.8,desconhecida,desconhecido,218.2,descansar,sintetico
12.74,27.6,19.5,ponto_turistico,desconhecido,8.3,registrar_ponto_turistico,sintetico
19.87,466.8,402.75,estrada,neutro,201.1,alimentar,sintetico
19.03,107.3,124.25,estrada,bravo,107.3,fazer_parada,sintetico
7.54,439.1,450.47,estrada,animado,133.0,abastecer,sintetico
13.69,15.6,22.52,estrada,cansado,12.9,continuar,sintetico
12.49,15.6,14.23,desconhecida,desconhecido,15.6,continuar,sintetico
22.64,236.5,194.17,estrada,neutro,160.9,descansar,sintetico
12.37,172.9,215.29,desconhecida,desconhecido,172.9,alimentar,sintetico
17.12,231.3,156.37,desconhecida,desconhecido,12.7,continuar,sintetico
17.22,447.5,499.23,posto,desconhecido,447.5,abastecer,sintetico
23.92,220.8,283.83,posto,desconhecido,18.5,abastecer,sintetico
15.2,127.7,119.03,desconhecida,desconhecido,127.7,continuar,sintetico
15.42,394.6,423.64,desconhecida,cansado,394.6,descansar,sintetico
13.3,210.6,229.81,desconhecida,bravo,151.8,fazer_parada,sintetico
8.4,133.7,207.23,desconhecida,desconhecido,46.0,fazer_parada,sintetico
0.15,419.8,287.82,desconhecida,neutro,419.8,descansar,sintetico
17.12,136.0,172.41,estrada,desconhecido,124.4,continuar,sintetico
16.21,465.8,405.67,desconhecida,desconhecido,181.9,fazer_parada,sintetico
22.98,188.8,239.78,desconhecida,animado,188.8,descansar,sintetico
8.68,388.7,479.58,estrada,neutro,388.7,abastecer,sintetico
18.67,199.5,194.27,estrada,cansado,199.5,descansar,sintetico
13.29,174.0,191.08,estrada,desconhecido,72.0,continuar,sintetico
14.7,267.0,385.99,desconhecida,tenso,143.7,fazer_parada,sintetico
19.92,58.6,46.9,restaurante,desconhecido,33.2,continuar,sintetico
9.62,71.3,108.95,estrada,neutro,71.3,continuar,sintetico
6.78,128.7,146.77,desconhecida,tenso,128.7,fazer_parada,sintetico
16.64,171.1,241.43,desconhecida,desconhecido,123.7,continuar,sintetico
19.92,216.1,143.85,posto,desconhecido,56.9,continuar,sintetico
10.7,195.5,247.71,estrada,neutro,44.4,continuar,sintetico
14.61,88.6,100.6,posto,neutro,6.1,continuar,sintetico
5.15,217.2,253.42,desconhecida,desconhecido,217.2,fazer_parada,sintetico
6.11,98.1,102.72,desconhecida,neutro,71.0,continuar,sintetico
21.77,523.5,643.02,restaurante,neutro,523.5,abastecer,sintetico
21.3,471.8,746.19,posto,bravo,78.4,fazer_parada,sintetico
8.62,232.1,288.13,desconhecida,desconhecido,185.3,fazer_parada,sintetico
19.94,167.0,218.74,posto,cansado,154.6,descansar,sintetico
12.13,98.9,100.03,estrada,desconhecido,48.3,continuar,sintetico
17.55,120.5,85.97,estrada,neutro,120.5,continuar,sintetico
18.34,512.9,433.37,ponto_turistico,desconhecido,6.5,registrar_ponto_turistico,sintetico
21.96,320.7,399.21,desconhecida,cansado,320.7,descansar,sintetico
12.17,444.3,454.19,ponto_turistico,desconhecido,444.3,abastecer,sintetico
9.93,408.0,441.6,posto,neutro,74.6,abastecer,sintetico
7.04,93.9,145.77,desconhecida,cansado,76.8,continuar,sintetico
18.6,209.9,177.81,desconhecida,desconhecido,209.9,fazer_parada,sintetico
18.32,187.0,154.25,estrada,animado,112.3,continuar,sintetico
21.72,93.0,103.77,estrada,desconhecido,93.0,continuar,sintetico
16.96,271.5,158.7,posto,tenso,59.3,continuar,sintetico
20.46,523.9,777.58,ponto_turistico,cansado,390.6,descansar,sintetico
7.87,120.0,75.37,ponto_turistico,animado,13.2,registrar_ponto_turistico,sintetico
22.08,227.4,252.77,restaurante,cansado,227.4,descansar,sintetico
18.22,435.0,663.71,ponto_turistico,tenso,260.9,fazer_parada,sintetico
19.23,224.8,231.34,desconhecida,neutro,224.8,alimentar,sintetico
19.33,348.5,388.31,desconhecida,neutro,348.5,alimentar,sintetico
19.36,32.7,33.8,posto,desconhecido,16.5,continuar,sintetico
16.64,179.5,143.39,estrada,tenso,179.5,fazer_parada,sintetico
16.21,477.0,470.12,restaurante,tenso,477.0,fazer_parada,sintetico
22.57,113.8,171.56,estrada,desconhecido,113.8,descansar,sintetico
15.63,260.0,289.0,restaurante,desconhecido,260.0,fazer_parada,sintetico
8.99,200.3,182.83,desconhecida,tenso,47.4,continuar,sintetico
14.2,518.6,708.87,ponto_turistico,bravo,41.1,continuar,sintetico
15.73,142.5,99.55,estrada,desconhecido,46.4,continuar,sintetico
8.28,423.0,279.65,desconhecida,neutro,423.0,fazer_parada,sintetico
6.66,72.8,85.17,estrada,cansado,35.1,continuar,sintetico
19.58,164.3,151.83,estrada,desconhecido,138.9,alimentar,sintetico
10.7,71.5,68.02,estrada,tenso,71.5,fazer_parada,sintetico
22.49,392.6,448.21,estrada,cansado,84.3,abastecer,sintetico
11.46,52.2,55.19,desconhecida,cansado,17.2,continuar,sintetico
7.5,558.0,874.21,desconhecida,animado,360.6,abastecer,sintetico
17.37,139.1,114.95,desconhecida,neutro,25.7,continuar,sintetico
3.24,100.0,133.08,desconhecida,desconhecido,100.0,continuar,sintetico
10.07,185.1,249.61,estrada,cansado,110.9,descansar,sintetico
19.78,148.3,232.28,desconhecida,neutro,104.3,continuar,sintetico
2.92,379.9,380.52,ponto_turistico,cansado,197.3,descansar,sintetico
18.11,171.1,232.22,desconhecida,neutro,171.1,fazer_parada,sintetico
19.82,401.8,394.83,estrada,desconhecido,368.0,alimentar,sintetico
10.34,569.6,426.58,posto,desconhecido,569.6,abastecer,sintetico
13.63,273.4,424.91,desconhecida,desconhecido,273.4,alimentar,sintetico
8.19,307.0,329.53,desconhecida,desconhecido,220.0,fazer_parada,sintetico
9.75,475.6,673.76,estrada,desconhecido,475.6,fazer_parada,sintetico
7.31,412.5,610.56,estrada,desconhecido,50.9,continuar,sintetico
9.05,24.4,17.34,desconhecida,desconhecido,24.4,continuar,sintetico
14.04,37.6,23.99,desconhecida,neutro,37.6,continuar,sintetico
20.78,21.7,16.51,estrada,animado,2.0,continuar,sintetico
11.05,553.5,554.59,desconhecida,desconhecido,31.0,continuar,sintetico
14.58,21.2,28.76,posto,desconhecido,6.8,continuar,sintetico
19.11,209.6,122.86,desconhecida,neutro,188.6,alimentar,sintetico
15.61,164.8,228.78,estrada,neutro,151.7,continuar,sintetico
12.17,184.4,120.34,posto,desconhecido,184.4,alimentar,sintetico
20.88,255.5,238.6,posto,bravo,160.9,continuar,sintetico
9.86,158.3,206.58,posto,bravo,92.0,fazer_parada,sintetico
15.72,202.0,236.57,posto,desconhecido,202.0,fazer_parada,sintetico
13.89,546.4,747.61,estrada,neutro,546.4,abastecer,sintetico
3.58,96.7,133.63,desconhecida,animado,95.8,continuar,sintetico
17.34,16.4,15.46,desconhecida,neutro,12.3,continuar,sintetico
12.34,480.0,733.66,estrada,neutro,147.3,abastecer,sintetico
17.53,25.9,26.02,desconhecida,desconhecido,4.9,continuar,sintetico
6.09,45.3,32.6,estrada,desconhecido,35.2,continuar,sintetico
10.71,423.8,389.51,estrada,tenso,336.2,fazer_parada,sintetico
14.55,75.8,67.09,estrada,desconhecido,75.8,continuar,sintetico
7.71,87.8,87.89,estrada,tenso,22.5,continuar,sintetico
18.73,173.5,103.9,estrada,cansado,173.5,descansar,sintetico
13.62,317.1,234.31,ponto_turistico,desconhecido,199.0,alimentar,sintetico
20.15,202.8,296.47,desconhecida,desconhecido,202.8,alimentar,sintetico
12.54,201.6,134.4,restaurante,tenso,134.3,fazer_parada,sintetico
11.93,140.9,191.15,desconhecida,animado,140.9,alimentar,sintetico
18.42,33.6,26.96,desconhecida,neutro,33.6,continuar,sintetico
7.46,19.0,17.33,estrada,desconhecido,5.8,continuar,sintetico
11.46,564.5,657.27,desconhecida,tenso,160.6,fazer_parada,sintetico
19.59,151.7,170.98,desconhecida,cansado,22.3,continuar,sintetico
14.8,441.5,268.78,restaurante,desconhecido,441.5,fazer_parada,sintetico
22.98,330.6,250.46,desconhecida,bravo,275.6,descansar,sintetico
14.39,311.2,490.58,estrada,tenso,205.6,fazer_parada,sintetico
19.45,258.6,213.23,restaurante,desconhecido,258.6,alimentar,sintetico
14.25,180.1,225.03,restaurante,animado,120.8,continuar,sintetico
14.77,589.3,712.98,estrada,bravo,270.7,fazer_parada,sintetico
11.31,485.4,571.09,ponto_turistico,bravo,315.9,fazer_parada,sintetico
10.04,404.2,439.71,ponto_turistico,animado,167.6,abastecer,sintetico
11.0,308.0,190.32,estrada,desconhecido,308.0,fazer_parada,sintetico
7.1,88.5,105.25,desconhecida,tenso,29.7,continuar,sintetico
7.07,302.1,367.54,posto,neutro,42.3,abastecer,sintetico
19.88,181.1,277.27,desconhecida,desconhecido,137.1,alimentar,sintetico
12.78,66.0,93.26,estrada,desconhecido,66.0,continuar,sintetico
14.0,126.7,197.1,desconhecida,cansado,126.7,descansar,sintetico
7.13,53.2,47.25,desconhecida,desconhecido,53.2,continuar,sintetico
18.84,292.8,370.22,ponto_turistico,neutro,174.8,alimentar,sintetico
23.94,104.5,137.86,estrada,desconhecido,90.4,continuar,sintetico
5.36,124.8,176.27,desconhecida,neutro,98.6,continuar,sintetico
17.25,50.3,57.93,estrada,desconhecido,27.1,continuar,sintetico
12.04,243.0,379.25,estrada,bravo,234.2,fazer_parada,sintetico
19.64,102.1,107.34,ponto_turistico,desconhecido,89.3,registrar_ponto_turistico,sintetico
7.8,418.0,649.28,desconhecida,cansado,327.0,descansar,sintetico
11.94,106.8,144.56,estrada,neutro,106.8,continuar,sintetico
15.83,182.4,190.91,posto,neutro,182.4,fazer_parada,sintetico
12.87,151.7,221.76,estrada,cansado,89.5,continuar,sintetico
19.65,533.6,362.98,posto,desconhecido,88.6,abastecer,sintetico
11.72,210.7,264.45,desconhecida,desconhecido,210.7,alimentar,sintetico
18.82,234.8,209.57,desconhecida,cansado,234.8,descansar,sintetico
20.47,352.0,463.88,desconhecida,desconhecido,247.0,abastecer,sintetico
15.44,588.3,450.81,estrada,animado,588.3,fazer_parada,sintetico
12.2,423.1,494.65,desconhecida,animado,266.7,abastecer,sintetico
15.29,7.0,8.12,desconhecida,animado,6.5,continuar,sintetico
12.13,37.8,22.91,ponto_turistico,desconhecido,0.9,registrar_ponto_turistico,sintetico
9.42,37.0,46.29,posto,animado,3.9,continuar,sintetico
20.47,135.9,127.81,estrada,desconhecido,33.0,continuar,sintetico
17.2,30.7,39.64,desconhecida,animado,30.7,continuar,sintetico
19.08,196.7,254.48,desconhecida,cansado,54.4,continuar,sintetico
22.74,361.9,340.09,desconhecida,tenso,337.3,descansar,sintetico
7.36,108.5,167.83,ponto_turistico,desconhecido,83.5,registrar_ponto_turistico,sintetico
0.97,573.5,531.42,desconhecida,desconhecido,39.2,continuar,sintetico
11.29,460.4,723.9,desconhecida,tenso,126.7,fazer_parada,sintetico
18.8,45.6,52.19,estrada,tenso,3.9,continuar,sintetico
16.56,425.8,446.19,desconhecida,desconhecido,196.0,abastecer,sintetico
11.94,575.8,362.99,estrada,neutro,314.5,alimentar,sintetico
2.51,73.4,71.74,restaurante,desconhecido,36.8,continuar,sintetico
15.76,95.7,119.25,desconhecida,neutro,57.9,continuar,sintetico
7.28,490.7,696.48,posto,desconhecido,154.4,abastecer,sintetico
20.34,17.3,26.84,desconhecida,desconhecido,17.3,continuar,sintetico
9.03,86.0,119.08,desconhecida,cansado,32.1,continuar,sintetico
20.49,96.5,102.98,desconhecida,neutro,96.5,continuar,sintetico
15.14,547.5,798.64,desconhecida,cansado,547.5,descansar,sintetico
18.24,433.0,519.54,desconhecida,bravo,432.1,fazer_parada,sintetico
4.73,268.6,389.69,estrada,desconhecido,83.0,continuar,sintetico
8.54,81.4,126.6,posto,animado,35.6,continuar,sintetico
15.8,301.9,367.24,estrada,animado,301.9,fazer_parada,sintetico
7.21,125.2,188.58,ponto_turistico,bravo,56.8,fazer_parada,sintetico
22.37,417.0,571.33,posto,cansado,187.7,descansar,sintetico
14.83,573.6,375.08,estrada,neutro,164.9,abastecer,sintetico
19.35,131.0,179.09,desconhecida,desconhecido,131.0,continuar,sintetico
7.9,535.5,440.37,posto,desconhecido,480.2,abastecer,sintetico
4.63,577.1,536.58,ponto_turistico,tenso,302.0,descansar,sintetico
15.08,172.0,228.38,desconhecida,bravo,43.1,continuar,sintetico
16.42,170.4,128.02,estrada,desconhecido,170.4,continuar,sintetico
17.79,458.4,294.06,restaurante,bravo,284.3,fazer_parada,sintetico
19.38,236.8,202.19,desconhecida,cansado,35.6,continuar,sintetico
21.2,454.3,504.46,desconhecida,tenso,454.3,fazer_parada,sintetico
22.97,226.0,259.48,ponto_turistico,desconhecido,5.5,registrar_ponto_turistico,sintetico
22.1,108.6,70.39,desconhecida,desconhecido,108.6,continuar,sintetico
21.87,304.5,393.18,desconhecida,tenso,292.9,fazer_parada,sintetico
20.7,49.4,63.64,restaurante,desconhecido,3.5,continuar,sintetico
21.74,178.8,179.61,desconhecida,cansado,175.7,descansar,sintetico
18.92,191.7,224.57,ponto_turistico,tenso,191.7,fazer_parada,sintetico
19.03,162.1,111.83,restaurante,desconhecido,35.4,continuar,sintetico
19.66,77.6,81.19,estrada,desconhecido,77.6,continuar,sintetico
18.15,33.5,29.97,posto,bravo,33.5,continuar,sintetico
18.96,322.3,258.58,restaurante,desconhecido,49.5,continuar,sintetico
16.52,69.2,60.03,ponto_turistico,neutro,21.2,registrar_ponto_turistico,sintetico
12.7,251.9,327.32,desconhecida,desconhecido,237.8,alimentar,sintetico
11.16,166.5,101.1,desconhecida,desconhecido,73.0,continuar,sintetico
8.81,245.9,223.85,estrada,desconhecido,82.2,continuar,sintetico
17.46,535.2,636.41,desconhecida,desconhecido,535.2,abastecer,sintetico
9.27,16.3,15.7,estrada,neutro,2.8,continuar,sintetico
1.14,464.2,309.47,desconhecida,desconhecido,288.5,descansar,sintetico
16.37,313.3,485.2,posto,desconhecido,245.9,abastecer,sintetico
17.54,223.1,184.23,desconhecida,desconhecido,142.2,fazer_parada,sintetico
16.74,186.7,199.66,desconhecida,cansado,186.7,descansar,sintetico
7.93,61.0,96.11,restaurante,desconhecido,31.1,continuar,sintetico
17.26,64.8,40.83,desconhecida,tenso,64.8,fazer_parada,sintetico
18.61,67.3,44.41,desconhecida,neutro,67.3,continuar,sintetico
23.69,181.1,120.74,estrada,animado,20.1,fazer_parada,sintetico
16.89,139.7,93.21,desconhecida,cansado,130.1,descansar,sintetico
10.26,223.3,230.02,estrada,neutro,223.3,fazer_parada,sintetico
22.69,121.9,91.05,desconhecida,animado,121.9,descansar,sintetico
9.04,95.1,58.42,ponto_turistico,bravo,56.7,continuar,sintetico
8.78,124.9,123.51,ponto_turistico,animado,124.9,registrar_ponto_turistico,sintetico
19.53,182.0,259.83,desconhecida,neutro,61.0,continuar,sintetico
9.5,553.2,580.88,desconhecida,cansado,71.3,abastecer,sintetico
0.95,431.6,477.94,desconhecida,neutro,338.3,descansar,sintetico
23.45,172.8,238.97,desconhecida,cansado,172.8,descansar,sintetico
6.05,235.4,190.5,desconhecida,desconhecido,235.4,fazer_parada,sintetico
13.36,210.3,167.22,desconhecida,desconhecido,210.3,alimentar,sintetico
1.5,114.8,97.4,desconhecida,animado,33.6,continuar,sintetico
20.93,564.7,702.52,ponto_turistico,desconhecido,564.7,abastecer,sintetico
20.56,33.0,31.43,estrada,neutro,2.5,continuar,sintetico
22.63,75.5,115.73,ponto_turistico,desconhecido,40.4,registrar_ponto_turistico,sintetico
19.8,327.2,336.8,posto,animado,327.2,abastecer,sintetico
6.03,5.5,7.24,desconhecida,desconhecido,5.5,continuar,sintetico
20.46,23.8,31.66,estrada,animado,7.0,continuar,sintetico
15.07,116.8,166.48,desconhecida,cansado,116.8,descansar,sintetico
11.34,416.3,561.29,estrada,neutro,246.9,abastecer,sintetico
20.42,79.4,107.56,ponto_turistico,neutro,18.2,continuar,sintetico
8.2,24.2,18.3,desconhecida,desconhecido,24.2,continuar,sintetico
13.7,92.8,85.32,ponto_turistico,bravo,59.5,continuar,sintetico
22.52,510.0,465.9,estrada,animado,510.0,descansar,sintetico
16.61,166.1,237.7,estrada,cansado,145.8,descansar,sintetico
20.02,578.9,501.43,posto,neutro,428.3,abastecer,sintetico
14.47,190.8,150.31,estrada,neutro,14.5,continuar,sintetico
17.71,529.9,334.71,estrada,desconhecido,529.9,fazer_parada,sintetico
15.87,219.0,246.06,ponto_turistico,neutro,149.8,registrar_ponto_turistico,sintetico
16.7,314.9,466.93,desconhecida,animado,193.1,abastecer,sintetico
22.55,227.4,151.32,estrada,desconhecido,169.4,descansar,sintetico
23.49,350.1,381.69,posto,neutro,37.6,abastecer,sintetico
22.53,161.7,119.8,estrada,animado,125.3,descansar,sintetico
19.88,465.0,302.49,posto,desconhecido,271.5,abastecer,sintetico
15.99,131.5,120.14,posto,neutro,1.2,continuar,sintetico
17.32,507.4,756.56,estrada,bravo,29.1,continuar,sintetico
10.91,378.7,322.49,desconhecida,neutro,319.3,fazer_parada,sintetico
12.2,224.9,146.96,desconhecida,neutro,105.3,continuar,sintetico
11.68,33.1,32.95,posto,desconhecido,2.4,continuar,sintetico
14.94,440.9,592.19,estrada,animado,255.6,abastecer,sintetico
3.83,305.0,283.88,ponto_turistico,desconhecido,24.0,registrar_ponto_turistico,sintetico
8.95,86.3,120.42,desconhecida,desconhecido,86.3,continuar,sintetico
9.71,234.0,144.75,ponto_turistico,cansado,37.3,continuar,sintetico
20.01,231.9,328.8,estrada,neutro,159.2,alimentar,sintetico
15.3,408.0,562.41,desconhecida,desconhecido,408.0,abastecer,sintetico
10.73,416.9,263.71,ponto_turistico,animado,416.9,registrar_ponto_turistico,sintetico
19.88,200.2,233.26,estrada,desconhecido,200.2,alimentar,sintetico
8.88,42.6,55.65,desconhecida,cansado,10.1,continuar,sintetico
15.65,299.9,215.13,desconhecida,desconhecido,225.2,fazer_parada,sintetico
20.98,404.9,573.72,restaurante,neutro,349.6,abastecer,sintetico
12.2,38.3,30.31,ponto_turistico,cansado,37.3,registrar_ponto_turistico,sintetico
21.34,238.9,244.06,restaurante,tenso,238.9,fazer_parada,sintetico
9.01,157.0,126.69,desconhecida,desconhecido,79.0,registrar_ponto_turistico,sintetico
16.15,110.9,131.33,estrada,animado,110.9,continuar,sintetico
8.99,359.0,561.58,posto,neutro,359.0,abastecer,sintetico
20.85,408.1,537.28,desconhecida,tenso,408.1,fazer_parada,sintetico
11.53,147.0,101.15,restaurante,desconhecido,147.0,fazer_parada,sintetico
10.81,549.5,328.48,posto,desconhecido,549.5,abastecer,sintetico
20.58,238.5,231.51,desconhecida,bravo,238.5,fazer_parada,sintetico
17.63,61.1,77.86,desconhecida,desconhecido,12.5,continuar,sintetico
11.84,423.4,270.88,estrada,bravo,190.1,fazer_parada,sintetico
6.22,123.3,164.72,desconhecida,desconhecido,123.3,continuar,sintetico
18.67,140.4,140.06,desconhecida,neutro,98.0,continuar,sintetico
22.12,446.4,282.09,posto,bravo,446.4,descansar,sintetico
9.44,208.4,327.91,estrada,bravo,208.4,fazer_parada,sintetico
16.6,166.7,239.64,restaurante,desconhecido,96.4,continuar,sintetico
1.95,312.9,234.53,desconhecida,desconhecido,312.9,descansar,sintetico
23.98,115.3,91.38,desconhecida,tenso,75.1,fazer_parada,sintetico
22.68,168.8,244.89,estrada,tenso,144.4,descansar,sintetico
14.07,11.6,17.23,desconhecida,desconhecido,11.6,continuar,sintetico
20.46,188.2,259.13,desconhecida,neutro,188.2,alimentar,sintetico
19.23,127.4,175.08,restaurante,desconhecido,50.3,registrar_ponto_turistico,sintetico
19.72,480.3,415.27,desconhecida,tenso,480.3,fazer_parada,sintetico
6.05,69.4,98.6,estrada,neutro,69.4,continuar,sintetico
21.38,389.2,244.09,desconhecida,neutro,23.4,continuar,sintetico
20.97,389.9,471.72,desconhecida,animado,112.3,abastecer,sintetico
8.92,193.1,236.61,estrada,tenso,193.1,fazer_parada,sintetico
19.78,331.7,384.19,desconhecida,tenso,331.7,fazer_parada,sintetico
1.67,142.8,226.06,desconhecida,bravo,15.8,continuar,sintetico
10.26,231.6,308.88,desconhecida,desconhecido,171.8,fazer_parada,sintetico
6.33,144.1,106.29,desconhecida,desconhecido,109.2,continuar,sintetico
11.35,162.7,234.01,estrada,tenso,54.4,fazer_parada,sintetico
17.55,243.6,190.89,estrada,desconhecido,243.6,fazer_parada,sintetico
15.49,516.3,740.64,estrada,desconhecido,135.9,abastecer,sintetico
8.96,9.3,9.09,estrada,neutro,3.0,continuar,sintetico
20.41,62.4,60.42,estrada,animado,62.4,continuar,sintetico
16.53,60.6,78.11,estrada,animado,60.6,continuar,sintetico
13.8,20.9,18.71,ponto_turistico,desconhecido,8.2,registrar_ponto_turistico,sintetico
21.02,208.3,125.73,desconhecida,cansado,147.0,descansar,sintetico
9.94,447.4,306.13,posto,animado,447.4,abastecer,sintetico
14.34,439.2,319.23,estrada,cansado,368.9,descansar,sintetico
7.05,520.2,759.0,posto,desconhecido,520.2,abastecer,sintetico
20.99,337.6,300.0,posto,desconhecido,337.6,abastecer,sintetico
17.82,358.9,493.57,desconhecida,neutro,358.9,abastecer,sintetico
15.52,69.8,91.9,ponto_turistico,cansado,62.9,continuar,sintetico
13.91,194.5,202.9,restaurante,desconhecido,37.9,continuar,sintetico
17.71,397.6,625.82,desconhecida,neutro,228.9,abastecer,sintetico
20.36,415.3,541.04,desconhecida,desconhecido,56.3,continuar,sintetico
17.59,378.2,397.41,desconhecida,desconhecido,59.6,abastecer,sintetico
13.34,36.7,50.57,restaurante,bravo,30.0,continuar,sintetico
7.15,22.2,25.19,ponto_turistico,neutro,22.2,registrar_ponto_turistico,sintetico
12.21,30.9,21.71,estrada,desconhecido,30.7,continuar,sintetico
12.75,491.5,576.38,desconhecida,desconhecido,458.5,abastecer,sintetico
20.2,142.5,150.74,desconhecida,cansado,83.8,descansar,sintetico
21.57,165.6,109.32,posto,desconhecido,165.6,fazer_parada,sintetico
15.44,174.3,114.3,restaurante,cansado,47.5,continuar,sintetico
19.71,329.9,432.56,estrada,desconhecido,6.0,continuar,sintetico
12.44,257.4,247.06,posto,neutro,57.0,continuar,sintetico
18.62,219.5,321.16,desconhecida,desconhecido,211.3,alimentar,sintetico
6.08,167.2,151.22,estrada,bravo,167.2,fazer_parada,sintetico
12.38,10.3,16.16,restaurante,animado,8.8,continuar,sintetico
21.59,561.6,877.41,desconhecida,tenso,274.7,fazer_parada,sintetico
19.86,212.9,131.86,desconhecida,desconhecido,212.9,alimentar,sintetico
15.16,195.4,299.99,desconhecida,desconhecido,31.9,continuar,sintetico
12.91,298.0,460.42,restaurante,neutro,253.3,abastecer,sintetico
9.17,341.5,283.44,desconhecida,cansado,341.5,descansar,sintetico
7.05,510.4,661.38,desconhecida,bravo,510.4,fazer_parada,sintetico
16.47,341.7,244.86,desconhecida,desconhecido,341.7,fazer_parada,sintetico
18.09,28.5,42.94,desconhecida,desconhecido,12.3,continuar,sintetico
19.46,558.4,756.72,ponto_turistico,tenso,558.4,fazer_parada,sintetico
18.68,103.6,129.38,desconhecida,neutro,61.4,continuar,sintetico
2.75,358.1,490.05,estrada,bravo,358.1,descansar,sintetico
15.69,345.1,532.65,estrada,neutro,303.0,abastecer,sintetico
11.78,97.9,88.37,desconhecida,neutro,97.9,continuar,sintetico
20.58,118.7,91.0,restaurante,desconhecido,118.7,alimentar,sintetico
21.47,41.5,37.98,desconhecida,bravo,41.5,continuar,sintetico
16.03,118.3,74.69,estrada,desconhecido,1.1,continuar,sintetico
17.36,97.7,143.64,estrada,animado,59.0,continuar,sintetico
8.45,182.9,177.48,desconhecida,neutro,167.8,fazer_parada,sintetico
21.97,113.4,109.92,desconhecida,tenso,47.1,continuar,sintetico
9.62,449.9,291.07,ponto_turistico,desconhecido,151.6,registrar_ponto_turistico,sintetico
18.6,473.3,688.34,desconhecida,tenso,237.3,fazer_parada,sintetico
11.69,354.1,471.87,desconhecida,neutro,163.2,abastecer,sintetico
7.78,243.4,301.87,ponto_turistico,desconhecido,52.8,registrar_ponto_turistico,sintetico
16.04,264.3,224.42,posto,animado,170.8,abastecer,sintetico
11.86,563.4,438.47,estrada,cansado,85.3,abastecer,sintetico
18.81,546.2,591.06,restaurante,neutro,369.2,abastecer,sintetico
7.85,361.8,251.27,estrada,cansado,361.8,descansar,sintetico
10.12,200.1,273.92,desconhecida,desconhecido,200.1,fazer_parada,sintetico
10.93,149.8,98.5,posto,cansado,149.8,descansar,sintetico
11.68,393.7,464.03,desconhecida,bravo,393.7,fazer_parada,sintetico
16.13,472.4,524.59,estrada,tenso,380.9,fazer_parada,sintetico
22.91,355.2,327.64,desconhecida,desconhecido,355.2,descansar,sintetico
19.24,545.4,438.65,posto,desconhecido,443.9,abastecer,sintetico
9.98,207.0,273.85,ponto_turistico,tenso,203.0,fazer_parada,sintetico
12.86,98.0,136.67,desconhecida,neutro,71.6,registrar_ponto_turistico,sintetico
9.89,141.5,197.64,estrada,cansado,122.8,descansar,sintetico
6.46,296.5,353.82,desconhecida,tenso,293.5,fazer_parada,sintetico
19.1,122.5,79.73,estrada,cansado,24.9,continuar,sintetico
11.76,515.3,656.54,estrada,desconhecido,187.9,abastecer,sintetico
6.48,35.2,24.29,ponto_turistico,neutro,8.5,registrar_ponto_turistico,sintetico
12.7,5.6,8.22,estrada,desconhecido,3.2,continuar,sintetico
13.63,224.6,237.62,desconhecida,tenso,209.7,continuar,sintetico
16.68,529.1,590.76,restaurante,animado,265.7,abastecer,sintetico
7.99,18.9,19.88,desconhecida,cansado,14.4,continuar,sintetico
22.13,14.7,20.82,estrada,desconhecido,14.7,continuar,sintetico
19.26,562.4,791.75,desconhecida,desconhecido,517.6,abastecer,sintetico
12.03,157.0,228.51,restaurante,desconhecido,130.3,alimentar,sintetico
15.85,75.9,96.42,ponto_turistico,desconhecido,56.1,registrar_ponto_turistico,sintetico
10.29,146.6,185.17,desconhecida,neutro,53.5,continuar,sintetico
3.08,559.1,524.43,desconhecida,desconhecido,416.9,descansar,sintetico
13.1,335.4,500.3,desconhecida,desconhecido,335.4,abastecer,sintetico
2.14,25.3,31.77,posto,neutro,22.3,continuar,sintetico
18.97,193.4,167.21,desconhecida,animado,60.1,continuar,sintetico
17.34,225.6,326.36,desconhecida,desconhecido,16.3,continuar,sintetico
11.22,397.9,419.44,estrada,desconhecido,397.9,abastecer,sintetico
14.65,73.5,107.68,ponto_turistico,tenso,73.5,fazer_parada,sintetico
9.81,212.9,157.64,desconhecida,animado,154.9,fazer_parada,sintetico
12.3,314.3,217.07,desconhecida,cansado,4.7,continuar,sintetico
20.85,145.3,157.51,ponto_turistico,desconhecido,107.2,registrar_ponto_turistico,sintetico
12.0,519.0,309.12,desconhecida,tenso,95.2,fazer_parada,sintetico
22.15,561.8,867.91,desconhecida,neutro,561.8,descansar,sintetico
22.67,306.2,471.37,desconhecida,neutro,128.1,abastecer,sintetico
0.63,51.5,30.94,desconhecida,tenso,31.0,continuar,sintetico
13.85,130.6,145.3,estrada,tenso,130.6,fazer_parada,sintetico
7.0,438.2,672.29,estrada,neutro,214.4,abastecer,sintetico
15.59,145.7,161.21,estrada,desconhecido,51.0,continuar,sintetico
19.44,153.1,101.21,restaurante,desconhecido,153.1,alimentar,sintetico
1.31,224.9,168.65,estrada,desconhecido,224.9,fazer_parada,sintetico
6.0,110.5,130.97,desconhecida,desconhecido,35.0,continuar,sintetico
11.96,193.6,306.1,restaurante,desconhecido,71.5,alimentar,sintetico
20.66,109.8,112.73,estrada,neutro,109.8,continuar,sintetico
13.29,543.8,602.25,desconhecida,cansado,62.7,abastecer,sintetico
20.31,220.1,334.23,estrada,desconhecido,203.2,fazer_parada,sintetico
12.58,526.2,797.99,desconhecida,tenso,476.9,fazer_parada,sintetico
7.09,229.4,230.63,posto,cansado,229.4,descansar,sintetico
22.77,68.7,87.43,desconhecida,desconhecido,68.7,continuar,sintetico
12.81,345.8,458.4,desconhecida,animado,146.2,abastecer,sintetico
20.73,49.3,74.32,estrada,desconhecido,49.3,continuar,sintetico
22.09,212.9,175.76,ponto_turistico,tenso,212.9,descansar,sintetico
14.47,206.8,178.18,desconhecida,cansado,206.8,descansar,sintetico
10.32,267.5,372.41,desconhecida,neutro,213.2,continuar,sintetico
10.54,87.3,131.35,estrada,desconhecido,87.3,continuar,sintetico
18.57,499.6,752.16,estrada,tenso,464.8,fazer_parada,sintetico
3.84,146.6,214.3,desconhecida,desconhecido,146.6,descansar,sintetico
14.45,584.9,493.95,estrada,bravo,584.9,fazer_parada,sintetico
10.89,333.9,318.21,desconhecida,bravo,21.9,continuar,sintetico
22.3,486.2,522.67,estrada,desconhecido,470.5,descansar,sintetico
16.23,53.8,37.11,desconhecida,desconhecido,10.1,continuar,sintetico
11.39,118.8,98.88,ponto_turistico,animado,105.3,registrar_ponto_turistico,sintetico
12.39,228.2,158.6,desconhecida,desconhecido,169.0,alimentar,sintetico
21.09,5.7,5.89,posto,cansado,5.7,registrar_ponto_turistico,sintetico
23.11,570.6,516.49,estrada,desconhecido,296.0,descansar,sintetico
10.23,85.0,90.97,desconhecida,desconhecido,39.5,continuar,sintetico
22.98,272.6,315.26,ponto_turistico,neutro,195.9,fazer_parada,sintetico
20.95,153.3,121.8,restaurante,desconhecido,124.3,alimentar,sintetico
22.07,89.6,123.05,posto,neutro,89.6,continuar,sintetico
7.53,86.2,97.6,ponto_turistico,desconhecido,52.2,registrar_ponto_turistico,sintetico
10.73,599.6,795.94,desconhecida,desconhecido,467.6,abastecer,sintetico
18.52,46.0,32.19,estrada,desconhecido,22.9,continuar,sintetico
6.83,189.5,291.25,desconhecida,bravo,98.4,descansar,sintetico
12.73,382.7,274.72,estrada,cansado,23.2,continuar,sintetico
20.76,10.3,8.47,ponto_turistico,desconhecido,10.3,registrar_ponto_turistico,sintetico
15.93,488.7,721.32,desconhecida,desconhecido,76.4,abastecer,sintetico
1.62,77.5,118.1,ponto_turistico,bravo,14.3,continuar,sintetico
13.81,173.6,147.5,desconhecida,tenso,168.7,fazer_parada,sintetico
17.32,418.0,251.45,estrada,neutro,314.3,fazer_parada,sintetico
17.8,131.5,135.39,desconhecida,desconhecido,106.1,continuar,sintetico
7.65,223.2,133.64,desconhecida,cansado,93.8,descansar,sintetico
13.65,570.0,899.3,posto,bravo,570.0,fazer_parada,sintetico
22.15,195.9,140.15,posto,animado,123.4,continuar,sintetico
6.17,593.8,362.07,desconhecida,neutro,202.8,abastecer,sintetico
0.55,225.5,167.09,desconhecida,neutro,221.6,descansar,sintetico
10.38,89.7,57.39,desconhecida,neutro,74.5,continuar,sintetico
11.85,201.5,212.44,desconhecida,cansado,201.5,descansar,sintetico
20.13,448.6,325.14,desconhecida,cansado,215.5,descansar,sintetico
13.02,391.4,331.19,estrada,bravo,391.4,fazer_parada,sintetico
8.62,457.0,442.41,estrada,tenso,197.7,fazer_parada,sintetico
19.88,77.0,87.29,estrada,tenso,4.1,continuar,sintetico
14.69,292.4,422.66,estrada,desconhecido,89.3,continuar,sintetico
12.52,107.5,80.53,ponto_turistico,bravo,27.6,continuar,sintetico
1.4,258.1,155.25,estrada,desconhecido,258.1,descansar,sintetico
21.0,54.2,42.97,estrada,neutro,54.2,continuar,sintetico
9.96,217.7,225.2,desconhecida,desconhecido,6.0,registrar_ponto_turistico,sintetico
22.06,102.2,67.48,desconhecida,animado,56.4,continuar,sintetico
14.01,228.3,190.13,desconhecida,neutro,9.5,continuar,sintetico
11.57,571.6,691.86,estrada,desconhecido,571.6,abastecer,sintetico
12.81,116.0,68.6,desconhecida,desconhecido,116.0,alimentar,sintetico
12.27,191.4,169.12,estrada,bravo,151.0,fazer_parada,sintetico
21.71,272.9,240.79,posto,animado,203.8,abastecer,sintetico
10.33,124.8,182.37,desconhecida,neutro,55.4,continuar,sintetico
13.95,140.5,103.65,posto,desconhecido,83.8,continuar,sintetico
14.62,557.0,327.95,ponto_turistico,desconhecido,263.6,registrar_ponto_turistico,sintetico
14.2,142.8,100.02,desconhecida,desconhecido,142.8,continuar,sintetico
16.51,166.4,104.57,estrada,animado,134.6,continuar,sintetico
7.19,136.4,84.82,desconhecida,cansado,112.4,descansar,sintetico
19.69,511.2,520.85,desconhecida,tenso,502.3,fazer_parada,sintetico
9.29,210.2,198.18,desconhecida,cansado,209.0,descansar,sintetico
15.18,18.1,11.51,estrada,bravo,18.1,continuar,sintetico
9.21,171.6,204.64,posto,tenso,107.9,fazer_parada,sintetico
10.47,158.9,184.36,desconhecida,desconhecido,158.9,fazer_parada,sintetico
6.41,422.9,246.77,desconhecida,desconhecido,422.9,fazer_parada,sintetico
18.93,64.4,42.78,posto,desconhecido,35.6,continuar,sintetico
23.46,577.1,338.5,estrada,desconhecido,577.1,descansar,sintetico
12.0,58.1,60.98,restaurante,desconhecido,2.4,continuar,sintetico
10.34,265.0,213.39,desconhecida,neutro,153.3,continuar,sintetico
17.1,450.1,709.19,ponto_turistico,neutro,171.7,abastecer,sintetico
6.07,429.1,575.89,desconhecida,desconhecido,429.1,abastecer,sintetico
14.61,474.8,461.55,desconhecida,neutro,220.4,fazer_parada,sintetico
16.73,148.0,233.39,estrada,desconhecido,43.6,continuar,sintetico
6.23,157.5,102.59,posto,tenso,149.2,fazer_parada,sintetico
8.28,10.5,11.81,estrada,desconhecido,10.5,continuar,sintetico
19.94,333.1,496.8,ponto_turistico,tenso,183.5,fazer_parada,sintetico
11.44,487.6,490.36,estrada,tenso,354.5,fazer_parada,sintetico
14.44,326.8,225.6,desconhecida,tenso,286.6,fazer_parada,sintetico
6.05,379.6,273.62,desconhecida,desconhecido,228.6,fazer_parada,sintetico
2.55,173.0,170.31,desconhecida,desconhecido,132.2,descansar,sintetico
10.08,147.7,232.92,estrada,desconhecido,147.7,continuar,sintetico
8.64,529.3,750.3,estrada,desconhecido,320.6,abastecer,sintetico
8.74,158.2,104.8,desconhecida,desconhecido,158.2,continuar,sintetico
7.81,253.1,377.15,desconhecida,animado,253.1,fazer_parada,sintetico
16.99,75.1,100.79,desconhecida,cansado,60.4,continuar,sintetico
7.01,564.4,650.63,estrada,cansado,564.4,descansar,sintetico
15.51,103.8,142.49,ponto_turistico,bravo,103.8,fazer_parada,sintetico
12.9,139.7,130.68,estrada,desconhecido,137.2,alimentar,sintetico
9.58,570.1,767.36,ponto_turistico,tenso,570.1,fazer_parada,sintetico
18.43,164.6,182.47,restaurante,desconhecido,150.6,continuar,sintetico
19.47,186.8,128.15,restaurante,desconhecido,76.6,alimentar,sintetico
18.4,86.9,103.26,desconhecida,bravo,4.4,continuar,sintetico
6.95,597.8,482.0,restaurante,cansado,597.8,descansar,sintetico
20.16,548.5,659.66,desconhecida,desconhecido,114.8,abastecer,sintetico
6.43,468.8,487.15,ponto_turistico,neutro,173.4,abastecer,sintetico
14.18,418.6,464.03,estrada,animado,418.6,abastecer,sintetico
19.36,30.6,33.71,estrada,desconhecido,8.2,continuar,sintetico
19.95,447.8,335.55,ponto_turistico,bravo,199.9,fazer_parada,sintetico
9.11,95.0,61.45,estrada,desconhecido,71.2,continuar,sintetico
11.53,260.3,153.15,estrada,cansado,260.3,descansar,sintetico
2.38,566.5,717.72,posto,animado,524.3,descansar,sintetico
10.55,27.8,40.16,posto,desconhecido,27.8,fazer_parada,sintetico
15.98,400.8,500.31,desconhecida,desconhecido,180.6,abastecer,sintetico
8.96,411.7,478.52,desconhecida,tenso,411.7,fazer_parada,sintetico
13.13,381.2,364.18,estrada,animado,264.7,abastecer,sintetico
19.32,181.8,238.13,restaurante,neutro,181.8,alimentar,sintetico
6.0,244.6,192.52,estrada,neutro,72.5,continuar,sintetico
7.0,146.9,118.06,desconhecida,neutro,67.5,continuar,sintetico
20.67,113.4,135.97,estrada,desconhecido,97.8,continuar,sintetico
14.54,97.1,123.24,ponto_turistico,desconhecido,43.4,registrar_ponto_turistico,sintetico
7.12,317.8,329.12,desconhecida,neutro,317.8,fazer_parada,sintetico
12.93,470.7,486.05,restaurante,animado,153.5,abastecer,sintetico
18.47,529.2,322.63,desconhecida,desconhecido,314.4,fazer_parada,sintetico
6.36,464.0,588.84,estrada,bravo,390.6,fazer_parada,sintetico
9.82,183.4,232.61,restaurante,desconhecido,51.0,continuar,sintetico
9.35,118.8,103.12,desconhecida,animado,118.8,continuar,sintetico
9.6,68.6,106.18,ponto_turistico,desconhecido,68.6,registrar_ponto_turistico,sintetico
9.99,129.9,150.76,estrada,desconhecido,21.5,continuar,sintetico
11.53,482.0,459.82,ponto_turistico,animado,101.6,abastecer,sintetico
19.43,178.6,205.81,ponto_turistico,desconhecido,86.2,registrar_ponto_turistico,sintetico
13.49,164.5,122.16,desconhecida,desconhecido,60.1,continuar,sintetico
18.01,199.2,143.27,desconhecida,neutro,199.2,fazer_parada,sintetico
13.08,577.4,593.08,estrada,neutro,437.2,abastecer,sintetico
19.2,438.3,692.3,ponto_turistico,tenso,308.7,fazer_parada,sintetico
15.76,295.7,222.46,posto,animado,295.7,fazer_parada,sintetico
7.26,395.7,465.33,ponto_turistico,cansado,239.5,descansar,sintetico
16.78,192.7,256.99,desconhecida,neutro,192.7,fazer_parada,sintetico
18.98,191.5,112.03,ponto_turistico,animado,105.0,registrar_ponto_turistico,sintetico
13.65,83.4,95.24,posto,desconhecido,21.8,continuar,sintetico
19.11,76.5,83.87,ponto_turistico,neutro,76.5,registrar_ponto_turistico,sintetico
22.4,145.6,188.83,desconhecida,cansado,33.3,continuar,sintetico
11.4,79.0,89.05,posto,cansado,79.0,continuar,sintetico
0.38,216.2,141.15,desconhecida,cansado,181.4,descansar,sintetico
13.91,149.8,99.72,desconhecida,bravo,122.2,fazer_parada,sintetico
22.56,31.3,30.88,desconhecida,tenso,31.3,registrar_ponto_turistico,sintetico
10.99,18.0,26.0,desconhecida,desconhecido,16.8,continuar,sintetico
6.2,52.1,61.97,posto,desconhecido,45.6,registrar_ponto_turistico,sintetico
12.76,565.4,539.16,desconhecida,tenso,288.9,fazer_parada,sintetico
2.88,144.6,207.43,ponto_turistico,cansado,4.7,continuar,sintetico
20.89,51.1,60.71,estrada,animado,21.7,continuar,sintetico
8.43,119.7,159.79,ponto_turistico,tenso,119.7,fazer_parada,sintetico
9.33,150.0,90.3,desconhecida,cansado,87.4,continuar,sintetico
18.53,67.1,68.0,restaurante,neutro,67.1,alimentar,sintetico
12.6,364.7,550.51,ponto_turistico,cansado,97.0,fazer_parada,sintetico
7.04,392.4,488.24,restaurante,desconhecido,373.6,abastecer,sintetico
20.08,268.0,388.66,estrada,neutro,81.9,abastecer,sintetico
21.96,295.1,373.87,estrada,animado,295.1,fazer_parada,sintetico
11.74,599.9,375.54,restaurante,animado,116.8,abastecer,sintetico
21.15,157.0,206.86,estrada,desconhecido,157.0,continuar,sintetico
21.74,107.0,84.58,desconhecida,animado,26.3,continuar,sintetico
22.8,182.7,141.39,desconhecida,neutro,112.5,descansar,sintetico
11.52,399.8,557.35,restaurante,animado,256.3,abastecer,sintetico
13.35,309.4,203.71,restaurante,animado,309.4,alimentar,sintetico
21.93,356.5,332.38,desconhecida,cansado,310.5,descansar,sintetico
2.5,34.3,38.74,desconhecida,neutro,17.4,continuar,sintetico
12.42,440.1,600.73,ponto_turistico,animado,205.6,abastecer,sintetico
22.16,239.0,212.41,estrada,animado,239.0,descansar,sintetico
15.49,559.7,416.81,desconhecida,tenso,389.3,fazer_parada,sintetico
16.16,410.5,453.35,desconhecida,desconhecido,63.4,abastecer,sintetico
9.8,319.7,393.7,posto,desconhecido,319.7,abastecer,sintetico
16.75,176.3,145.71,posto,neutro,30.7,continuar,sintetico
7.32,95.6,59.37,posto,tenso,95.6,fazer_parada,sintetico
9.76,110.4,135.83,posto,animado,77.6,continuar,sintetico
9.73,186.6,163.26,restaurante,neutro,110.8,continuar,sintetico
13.04,370.4,267.21,estrada,cansado,357.3,descansar,sintetico
22.76,47.9,67.78,posto,desconhecido,30.7,continuar,sintetico
14.34,201.0,219.34,desconhecida,desconhecido,192.3,fazer_parada,sintetico
17.53,552.0,790.05,desconhecida,bravo,114.2,fazer_parada,sintetico
18.83,439.9,684.41,posto,desconhecido,293.1,abastecer,sintetico
9.29,32.4,47.31,desconhecida,tenso,27.9,continuar,sintetico
6.28,402.6,419.27,estrada,desconhecido,145.7,abastecer,sintetico
13.95,188.6,286.84,restaurante,desconhecido,21.8,continuar,sintetico
11.0,179.5,213.68,ponto_turistico,cansado,107.8,descansar,sintetico
9.57,440.5,314.73,desconhecida,neutro,440.5,fazer_parada,sintetico
19.68,529.6,656.62,restaurante,desconhecido,393.7,abastecer,sintetico
16.0,564.8,444.32,desconhecida,bravo,298.4,fazer_parada,sintetico
11.5,23.5,36.13,desconhecida,animado,23.5,continuar,sintetico
22.25,19.3,17.72,desconhecida,desconhecido,12.5,continuar,sintetico
21.14,246.7,304.8,estrada,tenso,122.1,fazer_parada,sintetico
14.82,382.0,316.35,desconhecida,neutro,183.0,fazer_parada,sintetico
16.37,387.6,343.58,desconhecida,desconhecido,199.9,fazer_parada,sintetico
6.53,158.4,152.64,desconhecida,desconhecido,158.4,continuar,sintetico
7.35,88.4,97.94,posto,desconhecido,52.9,continuar,sintetico
13.57,234.4,158.56,restaurante,animado,112.6,alimentar,sintetico
23.27,580.1,851.29,desconhecida,desconhecido,530.1,descansar,sintetico
18.91,105.9,68.52,desconhecida,bravo,84.8,fazer_parada,sintetico
15.37,54.4,49.89,posto,desconhecido,54.4,continuar,sintetico
18.56,422.4,655.7,desconhecida,desconhecido,140.7,abastecer,sintetico
6.39,390.4,364.85,estrada,cansado,390.4,descansar,sintetico
11.45,521.7,445.97,estrada,desconhecido,66.6,abastecer,sintetico
16.75,204.5,168.39,ponto_turistico,neutro,204.5,registrar_ponto_turistico,sintetico
19.45,192.2,253.06,estrada,cansado,132.9,descansar,sintetico
20.77,245.4,350.94,estrada,cansado,245.4,descansar,sintetico
3.78,246.4,254.81,desconhecida,animado,246.4,descansar,sintetico
21.75,479.2,296.11,desconhecida,neutro,479.2,fazer_parada,sintetico
3.74,75.0,103.33,estrada,neutro,58.4,continuar,sintetico
17.26,34.5,35.03,desconhecida,tenso,26.8,continuar,sintetico
11.62,267.1,258.96,ponto_turistico,cansado,140.2,descansar,sintetico
6.05,120.3,95.73,desconhecida,desconhecido,36.2,continuar,sintetico
13.34,42.8,51.02,restaurante,desconhecido,11.0,continuar,sintetico
21.66,383.4,400.51,posto,tenso,242.8,fazer_parada,sintetico
4.65,43.1,58.4,restaurante,desconhecido,12.5,continuar,sintetico
8.37,396.3,346.35,desconhecida,neutro,375.9,fazer_parada,sintetico
21.86,435.9,649.54,restaurante,cansado,326.3,descansar,sintetico
4.82,485.3,661.08,estrada,neutro,61.6,continuar,sintetico
12.98,22.1,22.86,estrada,desconhecido,22.1,continuar,sintetico
17.81,79.6,81.81,estrada,cansado,46.4,continuar,sintetico
19.53,246.1,294.93,posto,desconhecido,237.8,abastecer,sintetico
17.67,170.0,160.58,estrada,desconhecido,103.5,continuar,sintetico
19.46,271.4,353.56,desconhecida,bravo,107.9,fazer_parada,sintetico
14.28,419.6,503.0,ponto_turistico,animado,405.3,abastecer,sintetico
20.43,75.9,80.97,desconhecida,cansado,72.1,continuar,sintetico
5.35,162.5,249.4,desconhecida,animado,75.6,continuar,sintetico
7.23,184.2,183.38,desconhecida,desconhecido,184.2,fazer_parada,sintetico
7.96,583.8,623.51,ponto_turistico,desconhecido,312.1,abastecer,sintetico
19.37,434.8,305.24,desconhecida,neutro,288.4,alimentar,sintetico
3.55,160.2,235.52,ponto_turistico,desconhecido,132.7,descansar,sintetico
13.51,241.6,283.65,desconhecida,tenso,68.1,fazer_parada,sintetico
19.1,41.3,47.45,restaurante,neutro,10.4,continuar,sintetico
9.32,8.2,10.48,estrada,neutro,8.2,continuar,sintetico
18.03,216.4,218.02,estrada,bravo,203.3,fazer_parada,sintetico
22.37,463.1,347.3,estrada,neutro,275.2,descansar,sintetico
9.9,148.1,94.25,desconhecida,desconhecido,148.1,continuar,sintetico
16.82,87.3,134.71,estrada,desconhecido,31.9,continuar,sintetico
20.04,114.1,155.62,restaurante,tenso,77.8,fazer_parada,sintetico
6.38,134.9,183.85,restaurante,cansado,46.7,continuar,sintetico
19.93,80.6,58.82,estrada,desconhecido,10.4,continuar,sintetico
14.22,338.4,260.72,desconhecida,desconhecido,332.0,fazer_parada,sintetico
10.13,563.1,800.17,restaurante,desconhecido,272.8,abastecer,sintetico
13.45,350.7,474.68,posto,desconhecido,350.7,abastecer,sintetico
13.03,110.6,144.99,desconhecida,desconhecido,110.6,alimentar,sintetico
11.79,17.6,16.34,desconhecida,desconhecido,17.6,continuar,sintetico
11.69,316.3,246.47,ponto_turistico,bravo,316.3,fazer_parada,sintetico
22.22,223.8,164.51,ponto_turistico,neutro,223.8,descansar,sintetico
19.08,397.9,627.86,estrada,bravo,397.9,fazer_parada,sintetico
15.17,377.9,586.12,desconhecida,animado,377.9,abastecer,sintetico
16.68,79.9,114.14,posto,animado,79.9,continuar,sintetico
17.81,126.8,131.19,desconhecida,neutro,126.8,continuar,sintetico
19.21,201.6,133.25,restaurante,desconhecido,201.6,alimentar,sintetico
6.57,94.4,128.78,desconhecida,bravo,36.6,continuar,sintetico
20.17,27.2,35.53,ponto_turistico,tenso,7.3,continuar,sintetico
22.26,72.5,76.43,ponto_turistico,animado,18.6,registrar_ponto_turistico,sintetico
19.51,310.7,197.23,posto,cansado,233.6,descansar,sintetico
22.3,448.7,280.77,posto,tenso,321.6,descansar,sintetico
11.5,194.7,116.61,estrada,cansado,163.3,descansar,sintetico
19.84,9.3,9.1,restaurante,neutro,5.3,fazer_parada,sintetico
17.55,30.6,42.77,restaurante,tenso,30.6,continuar,sintetico
2.84,27.7,19.73,desconhecida,desconhecido,16.7,continuar,sintetico
12.9,338.9,446.9,ponto_turistico,tenso,96.9,fazer_parada,sintetico
13.83,17.9,19.09,restaurante,animado,17.9,continuar,sintetico
0.98,75.7,115.75,desconhecida,desconhecido,75.7,registrar_ponto_turistico,sintetico
12.42,534.6,334.47,desconhecida,tenso,51.3,continuar,sintetico
21.69,460.9,356.05,restaurante,neutro,211.6,fazer_parada,sintetico
15.7,184.2,214.13,desconhecida,cansado,62.7,continuar,sintetico
11.95,199.1,194.52,estrada,desconhecido,92.8,continuar,sintetico
19.65,508.7,466.07,estrada,cansado,508.7,descansar,sintetico
22.79,215.6,235.21,estrada,neutro,201.3,descansar,sintetico
20.76,321.0,501.25,estrada,tenso,94.7,fazer_parada,sintetico
22.46,157.9,96.86,posto,bravo,116.4,fazer_parada,sintetico
18.77,152.4,221.36,restaurante,desconhecido,152.4,alimentar,sintetico
20.51,9.6,8.32,restaurante,desconhecido,8.0,continuar,sintetico
11.92,204.1,258.93,posto,desconhecido,204.1,abastecer,sintetico
21.83,21.9,21.62,estrada,cansado,2.6,continuar,sintetico
11.54,50.3,34.98,estrada,bravo,32.6,continuar,sintetico
13.17,237.3,214.56,desconhecida,animado,42.0,continuar,sintetico
10.57,22.5,32.7,desconhecida,animado,21.2,continuar,sintetico
20.68,206.5,183.66,desconhecida,desconhecido,206.5,alimentar,sintetico
11.68,107.8,92.88,ponto_turistico,desconhecido,107.8,registrar_ponto_turistico,sintetico
16.36,120.9,132.26,desconhecida,desconhecido,30.4,continuar,sintetico
19.8,471.5,282.63,desconhecida,bravo,459.5,fazer_parada,sintetico
21.27,507.2,387.45,desconhecida,neutro,479.9,fazer_parada,sintetico
21.66,362.5,218.66,ponto_turistico,bravo,235.1,fazer_parada,sintetico
20.38,139.9,121.86,desconhecida,desconhecido,139.9,alimentar,sintetico
10.8,66.9,40.0,desconhecida,animado,66.9,continuar,sintetico
8.25,210.5,192.77,desconhecida,desconhecido,135.7,continuar,sintetico
11.36,547.2,741.7,desconhecida,cansado,547.2,descansar,sintetico
12.07,281.6,234.44,restaurante,cansado,281.6,descansar,sintetico
10.77,211.8,178.78,posto,desconhecido,211.8,fazer_parada,sintetico
18.68,188.4,259.07,desconhecida,cansado,31.9,continuar,sintetico
22.88,56.0,43.45,ponto_turistico,neutro,54.9,registrar_ponto_turistico,sintetico
16.25,544.5,596.4,desconhecida,tenso,121.3,fazer_parada,sintetico
23.04,228.4,151.12,desconhecida,animado,228.4,descansar,sintetico
15.8,78.0,102.77,estrada,desconhecido,28.1,continuar,sintetico
3.97,235.3,370.27,estrada,desconhecido,5.3,continuar,sintetico
6.39,15.0,13.1,desconhecida,neutro,7.4,continuar,sintetico
14.35,422.9,330.95,restaurante,desconhecido,220.3,fazer_parada,sintetico
11.45,110.1,159.7,ponto_turistico,desconhecido,110.1,registrar_ponto_turistico,sintetico
8.55,24.9,23.36,posto,neutro,20.7,continuar,sintetico
10.43,508.0,537.21,restaurante,desconhecido,508.0,abastecer,sintetico
10.24,358.8,424.78,posto,neutro,297.5,abastecer,sintetico
18.52,431.4,588.95,ponto_turistico,bravo,153.6,fazer_parada,sintetico
22.07,328.8,339.46,ponto_turistico,desconhecido,108.3,registrar_ponto_turistico,sintetico
1.5,158.9,153.92,restaurante,neutro,96.4,continuar,sintetico
20.99,142.0,180.7,restaurante,desconhecido,101.8,alimentar,sintetico
4.18,172.4,169.59,desconhecida,neutro,144.9,descansar,sintetico
14.42,224.1,320.05,desconhecida,desconhecido,224.1,fazer_parada,sintetico
4.14,428.2,496.91,ponto_turistico,tenso,205.3,descansar,sintetico
13.75,154.9,170.72,desconhecida,desconhecido,71.3,continuar,sintetico
11.35,412.2,599.88,ponto_turistico,tenso,397.4,fazer_parada,sintetico
21.64,537.6,376.49,ponto_turistico,cansado,537.6,descansar,sintetico
1.66,84.3,74.43,estrada,cansado,27.6,continuar,sintetico
19.68,20.7,17.61,restaurante,animado,6.8,continuar,sintetico
19.44,422.8,296.13,desconhecida,neutro,393.6,alimentar,sintetico
14.22,54.9,73.86,restaurante,desconhecido,2.8,continuar,sintetico
19.27,201.0,125.49,ponto_turistico,cansado,0.5,continuar,sintetico
6.29,208.1,189.42,posto,cansado,56.2,continuar,sintetico
17.62,150.6,199.13,estrada,bravo,19.6,continuar,sintetico
12.8,218.6,308.18,restaurante,neutro,66.1,alimentar,sintetico
20.96,475.9,703.44,desconhecida,desconhecido,60.0,continuar,sintetico
22.9,487.8,757.26,estrada,bravo,487.8,descansar,sintetico
2.9,583.2,508.89,desconhecida,desconhecido,583.2,descansar,sintetico
14.55,234.4,261.12,desconhecida,desconhecido,61.2,continuar,sintetico
18.78,256.2,272.01,desconhecida,desconhecido,256.2,alimentar,sintetico
11.43,144.2,183.87,estrada,cansado,144.2,descansar,sintetico
10.84,50.2,41.87,desconhecida,desconhecido,0.4,continuar,sintetico
8.06,109.7,70.85,desconhecida,desconhecido,67.1,continuar,sintetico
9.91,388.1,256.03,estrada,tenso,388.1,fazer_parada,sintetico
4.61,566.0,435.91,posto,desconhecido,366.3,descansar,sintetico
21.64,155.6,144.06,ponto_turistico,desconhecido,1.2,registrar_ponto_turistico,sintetico
21.39,225.4,262.91,estrada,animado,205.9,fazer_parada,sintetico
14.15,51.6,58.55,estrada,desconhecido,51.6,continuar,sintetico
2.56,151.9,216.36,desconhecida,animado,16.9,continuar,sintetico
0.67,24.7,20.51,restaurante,desconhecido,12.4,continuar,sintetico
16.06,505.0,556.21,posto,desconhecido,92.8,abastecer,sintetico
13.71,399.4,596.79,restaurante,cansado,112.9,descansar,sintetico
12.91,184.5,123.46,ponto_turistico,desconhecido,184.5,alimentar,sintetico
12.3,359.0,233.8,estrada,desconhecido,359.0,alimentar,sintetico
11.08,496.1,656.83,estrada,tenso,221.2,fazer_parada,sintetico
9.93,518.6,614.9,estrada,desconhecido,518.6,abastecer,sintetico
19.11,472.1,415.03,estrada,desconhecido,136.1,alimentar,sintetico
6.51,554.8,518.88,ponto_turistico,bravo,331.3,fazer_parada,sintetico
12.49,87.6,66.46,estrada,desconhecido,50.3,continuar,sintetico
11.68,41.6,60.82,estrada,animado,41.6,continuar,sintetico
6.57,151.4,156.64,estrada,bravo,151.4,fazer_parada,sintetico
10.31,152.7,191.8,estrada,desconhecido,51.3,continuar,sintetico
20.22,227.7,226.62,desconhecida,bravo,227.7,fazer_parada,sintetico
19.13,46.9,28.87,desconhecida,neutro,42.3,continuar,sintetico
18.58,213.4,261.28,restaurante,neutro,113.0,alimentar,sintetico
11.77,528.7,518.56,restaurante,desconhecido,528.7,abastecer,sintetico
18.65,213.7,188.28,desconhecida,neutro,158.4,alimentar,sintetico
7.92,208.7,156.6,desconhecida,neutro,95.7,continuar,sintetico
18.8,368.6,246.89,ponto_turistico,animado,11.6,registrar_ponto_turistico,sintetico
3.95,73.4,53.08,ponto_turistico,desconhecido,73.4,registrar_ponto_turistico,sintetico
9.99,207.7,170.09,estrada,cansado,103.8,descansar,sintetico
6.84,227.0,241.65,posto,neutro,76.2,continuar,sintetico
11.97,31.2,43.29,estrada,neutro,31.2,continuar,sintetico
18.78,328.8,321.71,desconhecida,neutro,317.6,alimentar,sintetico
9.93,251.1,280.62,estrada,neutro,66.0,continuar,sintetico
19.21,39.7,54.95,desconhecida,cansado,9.5,registrar_ponto_turistico,sintetico
15.88,230.4,326.37,desconhecida,animado,202.5,fazer_parada,sintetico
15.91,215.7,267.81,desconhecida,desconhecido,41.7,continuar,sintetico
13.93,553.2,681.67,ponto_turistico,neutro,343.0,abastecer,sintetico
6.05,110.8,65.15,desconhecida,cansado,110.8,descansar,sintetico
12.01,531.6,732.21,restaurante,cansado,102.0,descansar,sintetico
7.63,78.8,103.98,desconhecida,desconhecido,78.8,continuar,sintetico
5.83,109.9,73.44,estrada,neutro,28.6,continuar,sintetico
11.16,331.7,449.72,estrada,cansado,57.6,abastecer,sintetico
14.79,63.5,63.57,desconhecida,animado,63.5,continuar,sintetico
12.63,377.7,249.88,restaurante,desconhecido,98.1,alimentar,sintetico
22.62,135.3,101.91,estrada,tenso,135.3,descansar,sintetico
20.33,364.0,531.61,posto,neutro,121.9,abastecer,sintetico
12.95,35.4,53.76,estrada,desconhecido,21.8,continuar,sintetico
16.31,89.3,114.6,posto,neutro,55.2,continuar,sintetico
20.64,121.9,80.45,ponto_turistico,desconhecido,117.6,registrar_ponto_turistico,sintetico
11.67,188.7,121.63,estrada,desconhecido,87.1,continuar,sintetico
8.42,554.7,645.2,posto,desconhecido,216.0,abastecer,sintetico
22.4,196.2,274.19,restaurante,neutro,196.2,descansar,sintetico
18.85,587.9,507.81,estrada,desconhecido,60.3,abastecer,sintetico
23.24,163.5,233.66,ponto_turistico,desconhecido,163.5,descansar,sintetico
18.42,328.4,486.76,desconhecida,desconhecido,178.7,abastecer,sintetico
18.65,506.2,702.49,desconhecida,bravo,506.2,continuar,sintetico
7.56,174.1,128.02,desconhecida,desconhecido,108.9,fazer_parada,sintetico
16.32,209.5,314.58,restaurante,cansado,185.9,descansar,sintetico
16.83,188.4,240.6,desconhecida,animado,46.9,continuar,sintetico
14.78,49.9,62.84,estrada,desconhecido,6.9,continuar,sintetico
11.1,183.8,206.56,desconhecida,neutro,183.8,fazer_parada,sintetico
15.36,532.3,504.32,posto,neutro,532.3,abastecer,sintetico
13.23,148.9,106.8,estrada,neutro,111.4,alimentar,sintetico
6.95,357.6,336.36,desconhecida,animado,55.7,continuar,sintetico
5.14,43.6,37.88,desconhecida,tenso,43.6,continuar,sintetico
14.47,177.5,157.48,restaurante,animado,177.5,fazer_parada,sintetico
18.29,397.3,463.62,desconhecida,neutro,128.4,abastecer,sintetico
10.19,239.5,219.04,desconhecida,cansado,0.7,continuar,sintetico
18.97,421.6,259.3,desconhecida,tenso,421.6,fazer_parada,sintetico
10.14,197.7,308.93,ponto_turistico,desconhecido,26.6,registrar_ponto_turistico,sintetico
14.5,236.4,211.96,estrada,neutro,234.1,fazer_parada,sintetico
17.78,474.8,429.72,desconhecida,desconhecido,474.8,abastecer,sintetico
7.73,259.4,324.93,posto,bravo,259.4,fazer_parada,sintetico
14.65,300.5,180.24,desconhecida,desconhecido,300.5,fazer_parada,sintetico
13.61,283.5,179.02,estrada,desconhecido,283.5,alimentar,sintetico
4.92,28.6,40.1,restaurante,desconhecido,28.6,continuar,sintetico
13.39,535.4,520.43,ponto_turistico,desconhecido,477.1,abastecer,sintetico
10.44,83.6,114.02,desconhecida,desconhecido,83.6,continuar,sintetico
17.7,5.6,6.45,estrada,desconhecido,5.6,registrar_ponto_turistico,sintetico
10.18,514.3,374.38,estrada,animado,397.0,fazer_parada,sintetico
14.75,196.3,161.48,restaurante,neutro,196.3,fazer_parada,sintetico
14.48,307.1,269.63,estrada,neutro,307.1,fazer_parada,sintetico
2.18,161.9,187.34,desconhecida,desconhecido,161.9,descansar,sintetico
0.21,72.6,55.12,desconhecida,desconhecido,72.6,continuar,sintetico
23.84,286.0,383.2,restaurante,desconhecido,286.0,descansar,sintetico
8.39,162.1,211.54,desconhecida,tenso,162.1,continuar,sintetico
17.79,357.2,520.2,posto,desconhecido,357.2,abastecer,sintetico
7.05,10.8,8.91,desconhecida,cansado,10.8,continuar,sintetico
8.79,599.5,500.41,desconhecida,animado,599.5,abastecer,sintetico
20.81,219.8,259.91,estrada,tenso,219.8,fazer_parada,sintetico
13.06,371.7,470.41,desconhecida,bravo,291.9,fazer_parada,sintetico
15.54,430.0,642.96,estrada,tenso,258.7,fazer_parada,sintetico
8.17,137.5,142.6,desconhecida,desconhecido,137.5,fazer_parada,sintetico
8.27,587.7,612.88,estrada,desconhecido,587.7,abastecer,sintetico
3.3,371.7,447.05,desconhecida,desconhecido,218.6,descansar,sintetico
12.07,315.8,212.63,desconhecida,desconhecido,146.4,alimentar,sintetico
9.67,37.3,53.28,restaurante,animado,0.9,continuar,sintetico
6.81,337.0,503.2,desconhecida,desconhecido,291.8,abastecer,sintetico
13.49,182.3,122.12,desconhecida,desconhecido,182.3,alimentar,sintetico
16.23,482.1,519.5,desconhecida,desconhecido,482.1,abastecer,sintetico
11.56,111.2,107.56,desconhecida,desconhecido,18.6,continuar,sintetico
14.2,293.0,255.62,estrada,bravo,15.4,continuar,sintetico
19.13,324.4,476.1,estrada,bravo,60.1,fazer_parada,sintetico
12.28,129.8,142.18,desconhecida,neutro,129.8,alimentar,sintetico
5.11,43.1,50.15,estrada,animado,31.5,continuar,sintetico
11.67,47.6,42.88,desconhecida,tenso,47.6,continuar,sintetico
8.91,21.7,28.14,desconhecida,desconhecido,12.9,continuar,sintetico
17.63,52.9,40.45,desconhecida,desconhecido,13.0,continuar,sintetico
19.64,379.5,517.68,restaurante,tenso,379.5,fazer_parada,sintetico
15.71,169.0,179.03,posto,desconhecido,17.8,continuar,sintetico
20.73,55.6,53.05,posto,desconhecido,43.5,continuar,sintetico
0.86,56.3,87.9,ponto_turistico,animado,17.9,registrar_ponto_turistico,sintetico
7.35,20.2,28.76,posto,bravo,20.2,continuar,sintetico
0.47,106.7,77.78,posto,animado,106.7,continuar,sintetico
13.92,81.5,112.72,estrada,bravo,4.1,continuar,sintetico
9.51,309.9,181.54,posto,cansado,309.9,descansar,sintetico
17.87,19.5,29.37,restaurante,neutro,11.9,continuar,sintetico
19.97,469.5,394.53,estrada,tenso,57.7,continuar,sintetico
8.97,51.4,38.6,restaurante,cansado,29.9,continuar,sintetico
7.0,593.1,754.35,restaurante,tenso,593.1,fazer_parada,sintetico
12.59,235.4,209.23,estrada,cansado,170.2,descansar,sintetico
16.8,169.5,191.58,estrada,desconhecido,169.5,fazer_parada,sintetico
12.09,316.3,296.34,estrada,animado,50.7,continuar,sintetico
13.36,209.9,200.2,desconhecida,desconhecido,209.9,alimentar,sintetico
8.8,439.3,622.73,desconhecida,neutro,168.1,abastecer,sintetico
10.96,67.5,105.37,estrada,desconhecido,67.5,continuar,sintetico
20.93,175.2,223.17,desconhecida,desconhecido,146.0,alimentar,sintetico
11.78,137.5,209.85,estrada,desconhecido,25.7,continuar,sintetico
17.96,138.0,195.87,estrada,bravo,138.0,fazer_parada,sintetico
20.73,87.5,68.17,desconhecida,cansado,87.5,continuar,sintetico
9.51,282.1,290.08,estrada,neutro,282.1,fazer_parada,sintetico
16.06,228.5,335.24,posto,desconhecido,228.5,abastecer,sintetico
8.4,548.0,555.59,estrada,cansado,0.1,continuar,sintetico
17.63,509.5,477.43,estrada,bravo,191.3,fazer_parada,sintetico
4.08,182.8,236.02,estrada,desconhecido,182.8,descansar,sintetico
7.05,159.9,161.64,desconhecida,animado,14.9,continuar,sintetico
10.95,533.4,718.24,estrada,desconhecido,393.7,abastecer,sintetico
19.83,106.9,66.6,desconhecida,desconhecido,37.8,continuar,sintetico
12.97,39.8,26.46,ponto_turistico,cansado,39.8,continuar,sintetico
13.25,354.6,486.13,estrada,desconhecido,2.5,continuar,sintetico
14.12,56.8,80.89,estrada,desconhecido,56.8,continuar,sintetico
20.97,34.4,34.23,restaurante,cansado,34.4,continuar,sintetico
13.25,61.2,44.15,desconhecida,animado,45.5,continuar,sintetico
15.09,30.8,23.17,desconhecida,tenso,30.8,continuar,sintetico
15.16,75.9,100.76,desconhecida,tenso,23.9,continuar,sintetico
18.99,188.1,120.63,desconhecida,desconhecido,64.0,continuar,sintetico
18.64,84.8,69.66,ponto_turistico,cansado,70.9,continuar,sintetico
5.59,555.6,778.59,ponto_turistico,neutro,481.7,abastecer,sintetico
21.55,236.8,151.13,desconhecida,animado,236.8,fazer_parada,sintetico
12.04,98.4,85.08,desconhecida,neutro,35.4,continuar,sintetico
14.44,411.8,280.93,desconhecida,desconhecido,35.7,continuar,sintetico
14.78,504.9,397.65,desconhecida,neutro,504.9,abastecer,sintetico
6.67,569.7,481.33,desconhecida,neutro,569.7,abastecer,sintetico
8.8,597.8,671.47,estrada,neutro,563.0,abastecer,sintetico
9.85,360.7,438.02,restaurante,tenso,24.6,continuar,sintetico
19.24,185.0,214.66,restaurante,desconhecido,185.0,alimentar,sintetico
9.44,152.2,107.63,restaurante,animado,136.7,fazer_parada,sintetico
21.19,214.7,241.61,restaurante,animado,214.7,fazer_parada,sintetico
8.92,391.1,479.97,ponto_turistico,cansado,36.0,continuar,sintetico
15.7,212.8,222.68,desconhecida,cansado,212.8,descansar,sintetico
22.84,42.8,36.8,desconhecida,desconhecido,42.8,continuar,sintetico
7.3,159.8,229.89,estrada,tenso,103.2,fazer_parada,sintetico
23.49,505.6,543.29,restaurante,tenso,434.1,descansar,sintetico
21.4,61.1,84.32,desconhecida,animado,0.2,continuar,sintetico
10.34,164.9,179.01,estrada,tenso,11.6,continuar,sintetico
18.32,512.1,612.55,estrada,animado,512.1,abastecer,sintetico
19.74,239.5,223.19,estrada,animado,59.7,continuar,sintetico
18.72,161.7,244.67,estrada,desconhecido,28.5,continuar,sintetico
15.06,102.1,104.83,desconhecida,cansado,71.6,continuar,sintetico
8.57,65.2,63.35,ponto_turistico,cansado,65.2,fazer_parada,sintetico
11.92,589.8,451.7,posto,animado,500.5,abastecer,sintetico
22.39,141.1,196.78,estrada,animado,60.5,continuar,sintetico
9.99,374.9,303.29,desconhecida,desconhecido,374.9,fazer_parada,sintetico
8.51,270.4,425.51,desconhecida,neutro,64.1,continuar,sintetico
17.03,80.0,66.84,estrada,desconhecido,80.0,continuar,sintetico
20.73,371.7,545.7,posto,desconhecido,371.7,abastecer,sintetico
16.19,518.5,600.39,desconhecida,desconhecido,471.8,abastecer,sintetico
20.48,315.1,468.52,desconhecida,cansado,20.1,continuar,sintetico
14.59,529.9,618.07,ponto_turistico,desconhecido,471.0,abastecer,sintetico
13.16,259.2,333.1,posto,tenso,192.9,fazer_parada,sintetico
20.82,258.5,397.15,restaurante,desconhecido,258.5,alimentar,sintetico
12.37,482.2,631.25,desconhecida,animado,25.4,continuar,sintetico
0.21,411.5,527.86,estrada,desconhecido,411.5,descansar,sintetico
10.27,188.7,203.88,estrada,cansado,145.2,descansar,sintetico
8.88,329.8,394.19,desconhecida,neutro,80.3,continuar,sintetico
22.08,438.9,437.69,desconhecida,desconhecido,328.3,descansar,sintetico
7.81,165.9,260.57,estrada,bravo,161.2,fazer_parada,sintetico
13.67,593.7,845.11,restaurante,desconhecido,161.0,abastecer,sintetico
13.81,383.7,414.72,desconhecida,neutro,163.3,abastecer,sintetico
12.87,274.8,266.09,posto,neutro,274.8,abastecer,sintetico
20.12,124.1,131.3,posto,neutro,124.1,continuar,sintetico
8.04,161.6,178.7,estrada,animado,131.5,continuar,sintetico
11.59,85.3,91.1,restaurante,desconhecido,72.4,alimentar,sintetico
21.14,231.3,330.29,estrada,desconhecido,231.3,fazer_parada,sintetico
20.98,279.3,354.22,desconhecida,neutro,279.3,alimentar,sintetico
7.68,229.9,341.86,estrada,cansado,229.9,descansar,sintetico
18.56,65.5,96.75,desconhecida,neutro,4.5,continuar,sintetico
14.73,172.6,122.15,desconhecida,bravo,8.2,continuar,sintetico
13.89,157.5,232.16,ponto_turistico,bravo,157.5,fazer_parada,sintetico
13.15,50.8,63.04,estrada,animado,29.8,continuar,sintetico
12.24,21.2,25.38,desconhecida,desconhecido,21.2,continuar,sintetico
16.15,52.9,75.81,ponto_turistico,desconhecido,32.6,registrar_ponto_turistico,sintetico
22.92,126.0,171.4,desconhecida,desconhecido,111.8,continuar,sintetico
10.88,189.7,232.28,estrada,animado,49.7,continuar,sintetico
9.27,40.4,58.64,desconhecida,desconhecido,40.4,continuar,sintetico
7.73,137.8,178.61,desconhecida,animado,134.0,continuar,sintetico
19.52,47.0,67.89,desconhecida,desconhecido,24.1,continuar,sintetico
18.38,381.4,429.79,ponto_turistico,cansado,209.9,descansar,sintetico
6.6,314.7,409.36,ponto_turistico,neutro,177.1,abastecer,sintetico
22.79,211.7,309.51,estrada,desconhecido,211.7,descansar,sintetico
16.98,318.2,352.59,restaurante,cansado,318.2,descansar,sintetico
10.87,219.5,242.13,desconhecida,desconhecido,47.8,continuar,sintetico
12.89,21.4,20.68,restaurante,animado,1.3,continuar,sintetico
8.45,15.6,12.31,desconhecida,neutro,15.6,continuar,sintetico
11.88,138.3,187.09,restaurante,tenso,138.3,fazer_parada,sintetico
17.88,462.8,323.37,posto,desconhecido,462.8,abastecer,sintetico
20.31,301.8,300.4,estrada,tenso,96.7,fazer_parada,sintetico
19.49,529.9,521.11,ponto_turistico,neutro,398.2,abastecer,sintetico
20.32,147.3,157.82,estrada,desconhecido,147.3,alimentar,sintetico
11.24,562.3,462.55,estrada,neutro,1.0,continuar,sintetico
10.27,361.2,348.97,restaurante,desconhecido,150.2,fazer_parada,sintetico
14.76,91.5,134.15,ponto_turistico,cansado,91.5,descansar,sintetico
20.22,218.1,169.94,desconhecida,animado,218.1,alimentar,sintetico
16.33,79.1,65.11,ponto_turistico,cansado,27.4,registrar_ponto_turistico,sintetico
22.3,245.2,241.12,estrada,cansado,245.2,descansar,sintetico
14.27,386.2,590.92,estrada,bravo,363.5,fazer_parada,sintetico
13.2,56.8,60.91,desconhecida,desconhecido,41.9,continuar,sintetico
6.71,113.0,113.68,desconhecida,desconhecido,113.0,continuar,sintetico
8.89,7.5,11.27,restaurante,desconhecido,5.1,continuar,sintetico
7.21,180.9,192.82,desconhecida,cansado,131.9,descansar,sintetico
3.38,41.2,63.28,desconhecida,neutro,6.1,continuar,sintetico
8.66,398.0,626.76,desconhecida,cansado,174.2,descansar,sintetico
0.62,10.6,10.41,ponto_turistico,neutro,4.0,registrar_ponto_turistico,sintetico
12.34,73.1,48.76,estrada,neutro,8.5,continuar,sintetico
10.78,136.2,168.04,ponto_turistico,desconhecido,136.2,registrar_ponto_turistico,sintetico
7.76,281.3,414.72,estrada,bravo,65.4,fazer_parada,sintetico
11.35,211.1,235.88,posto,bravo,17.7,abastecer,sintetico
20.6,559.5,791.84,restaurante,tenso,525.8,fazer_parada,sintetico
19.34,189.6,294.79,ponto_turistico,neutro,96.7,registrar_ponto_turistico,sintetico
23.0,439.7,377.27,estrada,tenso,339.2,descansar,sintetico
17.85,126.5,192.95,posto,desconhecido,126.5,continuar,sintetico
7.55,57.0,66.23,estrada,neutro,0.9,continuar,sintetico
15.46,117.0,113.57,desconhecida,neutro,45.4,continuar,sintetico
10.32,96.5,94.21,desconhecida,desconhecido,96.5,continuar,sintetico
22.85,100.9,154.78,estrada,cansado,59.0,continuar,sintetico
21.99,90.3,102.78,estrada,tenso,90.3,fazer_parada,sintetico
13.78,218.1,187.92,desconhecida,animado,68.8,continuar,sintetico
4.38,104.3,126.73,estrada,desconhecido,83.9,continuar,sintetico
14.78,126.2,81.89,ponto_turistico,animado,95.9,continuar,sintetico
10.77,142.0,163.09,desconhecida,neutro,142.0,continuar,sintetico
14.35,201.0,207.73,ponto_turistico,bravo,135.2,fazer_parada,sintetico
9.95,431.0,484.52,desconhecida,desconhecido,176.1,abastecer,sintetico
13.86,95.4,65.13,estrada,animado,67.5,continuar,sintetico
12.82,254.7,258.12,estrada,bravo,254.7,fazer_parada,sintetico
3.95,312.3,326.26,desconhecida,desconhecido,86.9,continuar,sintetico
19.93,166.5,129.78,restaurante,neutro,73.3,alimentar,sintetico
14.28,220.1,199.25,ponto_turistico,tenso,85.2,fazer_parada,sintetico
15.76,340.4,350.37,desconhecida,cansado,340.4,fazer_parada,sintetico
19.67,549.9,856.33,ponto_turistico,animado,549.9,abastecer,sintetico
11.45,132.1,100.66,ponto_turistico,bravo,28.0,continuar,sintetico
14.09,321.9,337.59,ponto_turistico,tenso,295.0,fazer_parada,sintetico
11.86,119.4,112.49,desconhecida,animado,111.7,continuar,sintetico
2.65,583.0,393.23,ponto_turistico,desconhecido,583.0,descansar,sintetico
13.46,583.4,922.43,posto,bravo,583.4,fazer_parada,sintetico
7.79,302.9,179.47,estrada,cansado,9.2,continuar,sintetico
16.91,206.8,267.91,estrada,desconhecido,206.8,continuar,sintetico
16.51,149.3,156.24,posto,tenso,149.3,fazer_parada,sintetico
8.37,575.9,865.55,ponto_turistico,desconhecido,575.9,abastecer,sintetico
10.19,233.8,210.07,estrada,desconhecido,84.2,continuar,sintetico
16.21,126.6,119.23,posto,cansado,1.3,continuar,sintetico
7.04,429.1,399.48,desconhecida,animado,263.7,abastecer,sintetico
18.61,46.7,39.74,desconhecida,neutro,18.2,continuar,sintetico
14.66,27.6,19.95,ponto_turistico,bravo,9.8,continuar,sintetico
13.89,175.5,107.02,estrada,desconhecido,175.5,alimentar,sintetico
22.3,530.9,740.24,estrada,desconhecido,530.9,descansar,sintetico
12.86,161.3,107.01,estrada,animado,158.2,alimentar,sintetico
11.84,534.2,411.21,estrada,bravo,135.5,fazer_parada,sintetico
13.3,42.0,58.24,desconhecida,bravo,42.0,continuar,sintetico
16.78,165.1,211.06,estrada,tenso,5.7,continuar,sintetico
11.32,469.5,541.07,estrada,desconhecido,177.8,abastecer,sintetico
0.89,22.2,14.66,desconhecida,desconhecido,22.2,continuar,sintetico
20.75,95.0,136.1,desconhecida,cansado,95.0,descansar,sintetico
13.9,153.0,166.11,restaurante,cansado,65.7,alimentar,sintetico
22.5,490.2,457.26,desconhecida,animado,135.0,descansar,sintetico
21.89,340.1,441.32,posto,cansado,340.1,descansar,sintetico
19.17,175.0,218.15,restaurante,cansado,39.0,continuar,sintetico
19.02,87.6,58.66,desconhecida,cansado,46.4,continuar,sintetico
14.18,468.0,589.41,estrada,desconhecido,468.0,abastecer,sintetico
15.21,224.2,202.47,desconhecida,desconhecido,224.2,fazer_parada,sintetico
13.47,586.2,605.03,restaurante,neutro,586.2,abastecer,sintetico
6.37,572.7,676.51,desconhecida,neutro,429.3,abastecer,sintetico
10.04,352.8,357.73,estrada,desconhecido,352.8,fazer_parada,sintetico
10.67,355.1,347.31,estrada,tenso,88.9,fazer_parada,sintetico
20.66,432.5,539.4,restaurante,desconhecido,336.1,abastecer,sintetico
6.8,111.4,169.78,estrada,cansado,56.4,continuar,sintetico
11.43,17.5,26.27,posto,desconhecido,7.7,continuar,sintetico
1.91,499.7,429.57,estrada,tenso,9.2,continuar,sintetico
14.8,110.3,110.77,restaurante,tenso,110.3,fazer_parada,sintetico
22.92,575.0,697.36,desconhecida,desconhecido,167.6,descansar,sintetico
17.62,376.3,553.25,estrada,desconhecido,376.3,abastecer,sintetico
10.8,217.7,191.53,estrada,desconhecido,92.4,continuar,sintetico
13.58,176.8,241.08,desconhecida,animado,176.8,alimentar,sintetico
20.92,241.1,319.87,desconhecida,bravo,19.6,continuar,sintetico
9.71,364.7,496.26,estrada,neutro,182.3,abastecer,sintetico
1.43,71.3,96.67,desconhecida,tenso,71.3,fazer_parada,sintetico
7.77,190.1,248.54,ponto_turistico,cansado,190.1,descansar,sintetico
16.53,205.5,206.94,posto,desconhecido,205.5,fazer_parada,sintetico
11.32,45.5,37.59,desconhecida,tenso,26.5,continuar,sintetico
13.06,585.0,843.99,ponto_turistico,desconhecido,199.1,abastecer,sintetico
22.7,54.1,41.24,desconhecida,desconhecido,45.8,continuar,sintetico
6.59,192.2,140.92,estrada,cansado,53.0,continuar,sintetico
0.52,146.2,122.97,restaurante,desconhecido,53.2,continuar,sintetico
22.89,42.2,25.33,restaurante,desconhecido,42.2,continuar,sintetico
15.76,168.2,251.34,desconhecida,neutro,168.2,fazer_parada,sintetico
20.79,121.1,81.43,estrada,animado,14.8,continuar,sintetico
16.77,549.0,715.23,posto,cansado,538.9,descansar,sintetico
9.31,35.2,30.6,ponto_turistico,bravo,28.6,continuar,sintetico
14.71,206.2,161.5,posto,desconhecido,114.7,continuar,sintetico
17.35,69.2,45.75,posto,cansado,69.2,continuar,sintetico
19.75,6.2,7.04,estrada,cansado,2.8,continuar,sintetico
12.37,401.5,631.24,estrada,desconhecido,401.5,fazer_parada,sintetico
21.26,116.4,126.33,desconhecida,desconhecido,116.4,continuar,sintetico
13.92,416.4,567.04,desconhecida,tenso,416.4,fazer_parada,sintetico
9.94,531.4,664.61,restaurante,desconhecido,89.7,abastecer,sintetico
15.79,8.2,8.94,ponto_turistico,desconhecido,6.5,registrar_ponto_turistico,sintetico
12.35,448.0,672.78,estrada,desconhecido,448.0,abastecer,sintetico
8.3,70.6,89.91,estrada,cansado,70.6,continuar,sintetico
19.39,150.9,221.96,desconhecida,cansado,48.9,continuar,sintetico
11.75,39.9,48.24,estrada,desconhecido,8.1,continuar,sintetico
12.53,76.4,110.16,estrada,animado,8.6,continuar,sintetico
19.0,70.5,47.32,desconhecida,desconhecido,63.5,continuar,sintetico
16.91,177.5,117.79,estrada,cansado,111.0,descansar,sintetico
6.81,332.4,511.42,desconhecida,neutro,332.4,abastecer,sintetico
21.56,143.4,192.45,estrada,cansado,55.2,continuar,sintetico
20.26,373.0,224.19,estrada,desconhecido,121.6,alimentar,sintetico
8.51,137.7,114.17,ponto_turistico,neutro,131.6,registrar_ponto_turistico,sintetico
13.2,196.6,119.2,desconhecida,cansado,103.3,descansar,sintetico
12.61,110.7,120.26,desconhecida,cansado,110.7,descansar,sintetico
12.65,192.4,196.97,desconhecida,tenso,153.7,fazer_parada,sintetico
11.94,157.6,237.43,estrada,animado,157.6,alimentar,sintetico
2.49,65.3,57.55,ponto_turistico,desconhecido,65.3,registrar_ponto_turistico,sintetico
13.65,15.0,20.73,ponto_turistico,neutro,7.7,registrar_ponto_turistico,sintetico
2.37,83.9,54.6,desconhecida,animado,10.7,continuar,sintetico
22.96,258.6,234.67,estrada,neutro,57.6,continuar,sintetico
17.67,304.0,432.77,posto,desconhecido,268.0,abastecer,sintetico
22.91,95.2,117.41,desconhecida,neutro,95.2,continuar,sintetico
8.82,536.4,359.9,desconhecida,tenso,536.4,fazer_parada,sintetico
13.67,96.2,112.13,desconhecida,neutro,14.5,continuar,sintetico
10.97,302.2,476.77,desconhecida,desconhecido,302.2,abastecer,sintetico
8.27,465.7,346.08,ponto_turistico,desconhecido,465.7,registrar_ponto_turistico,sintetico
22.98,282.0,382.49,desconhecida,desconhecido,214.2,descansar,sintetico
16.15,99.1,92.15,ponto_turistico,bravo,99.1,fazer_parada,sintetico
14.04,186.6,185.25,desconhecida,desconhecido,132.7,continuar,sintetico
18.36,170.3,264.62,desconhecida,animado,161.6,continuar,sintetico
18.5,76.4,71.68,desconhecida,desconhecido,59.5,continuar,sintetico
22.01,217.3,154.95,desconhecida,animado,61.2,registrar_ponto_turistico,sintetico
23.1,398.9,576.04,estrada,desconhecido,398.9,descansar,sintetico
13.55,470.6,722.46,desconhecida,bravo,74.5,fazer_parada,sintetico
7.21,113.2,122.93,ponto_turistico,cansado,111.0,descansar,sintetico
22.65,171.7,247.7,desconhecida,desconhecido,77.7,continuar,sintetico
14.85,233.4,360.13,estrada,desconhecido,57.2,continuar,sintetico
8.7,192.7,269.92,desconhecida,cansado,102.2,descansar,sintetico
11.65,455.2,534.62,desconhecida,desconhecido,64.2,abastecer,sintetico
18.36,25.3,27.77,restaurante,desconhecido,25.3,continuar,sintetico
3.64,438.6,398.1,estrada,animado,139.1,descansar,sintetico
6.53,172.1,170.32,estrada,desconhecido,99.6,continuar,sintetico
13.83,274.4,387.56,desconhecida,tenso,64.1,continuar,sintetico
7.42,239.0,283.32,ponto_turistico,neutro,175.5,registrar_ponto_turistico,sintetico
18.87,419.8,288.73,posto,neutro,419.8,abastecer,sintetico
4.65,152.7,149.85,desconhecida,desconhecido,103.0,continuar,sintetico
10.11,600.0,644.16,desconhecida,tenso,166.9,fazer_parada,sintetico
21.39,126.7,148.38,desconhecida,neutro,111.4,continuar,sintetico
10.59,428.4,547.1,desconhecida,cansado,244.9,descansar,sintetico
10.38,308.0,333.84,posto,cansado,308.0,descansar,sintetico
22.1,82.6,62.9,desconhecida,tenso,82.6,fazer_parada,sintetico
12.21,324.8,227.17,posto,cansado,210.4,descansar,sintetico
11.15,356.0,457.01,desconhecida,tenso,16.3,continuar,sintetico
14.34,455.8,386.21,estrada,neutro,37.4,continuar,sintetico
13.88,131.0,131.64,desconhecida,desconhecido,103.8,continuar,sintetico
20.84,44.1,32.07,posto,desconhecido,44.1,continuar,sintetico
0.73,175.9,177.37,desconhecida,neutro,69.5,continuar,sintetico
23.77,332.6,237.7,restaurante,tenso,237.6,descansar,sintetico
9.78,473.2,524.29,estrada,animado,207.2,abastecer,sintetico
17.45,583.5,547.99,restaurante,desconhecido,528.0,abastecer,sintetico
13.79,521.3,333.28,posto,tenso,381.3,fazer_parada,sintetico
10.72,111.8,112.94,desconhecida,neutro,80.1,registrar_ponto_turistico,sintetico
15.58,76.4,67.23,desconhecida,cansado,60.3,continuar,sintetico
11.14,163.5,214.81,restaurante,neutro,1.6,continuar,sintetico
7.86,91.8,72.41,ponto_turistico,neutro,22.9,registrar_ponto_turistico,sintetico
20.87,406.5,293.26,estrada,desconhecido,406.5,alimentar,sintetico
2.73,113.1,112.88,desconhecida,desconhecido,113.1,continuar,sintetico
7.75,14.9,13.84,restaurante,desconhecido,6.6,continuar,sintetico
22.2,414.5,617.5,estrada,bravo,47.5,continuar,sintetico
7.86,90.9,105.96,estrada,cansado,90.9,descansar,sintetico
7.6,167.3,186.93,estrada,animado,104.7,continuar,sintetico
17.95,20.1,27.48,estrada,cansado,20.1,continuar,sintetico
8.74,126.1,152.28,posto,desconhecido,126.1,continuar,sintetico
11.3,107.9,136.0,desconhecida,desconhecido,99.5,continuar,sintetico
22.85,198.2,141.57,restaurante,neutro,119.9,continuar,sintetico
9.33,439.9,417.36,desconhecida,desconhecido,14.8,continuar,sintetico
18.67,331.5,433.35,restaurante,desconhecido,331.5,fazer_parada,sintetico
8.41,145.2,123.42,desconhecida,neutro,31.4,continuar,sintetico
23.81,81.7,98.6,estrada,neutro,81.7,continuar,sintetico
14.81,113.5,164.37,desconhecida,tenso,80.4,fazer_parada,sintetico
12.29,300.7,256.36,restaurante,cansado,300.7,descansar,sintetico
16.57,386.6,435.58,desconhecida,cansado,70.0,abastecer,sintetico
16.12,517.0,458.63,restaurante,cansado,517.0,descansar,sintetico
1.97,171.6,123.26,estrada,desconhecido,167.4,descansar,sintetico
9.25,322.4,404.24,desconhecida,neutro,322.4,abastecer,sintetico
22.95,391.9,248.23,estrada,desconhecido,238.5,descansar,sintetico
9.3,181.4,197.9,desconhecida,neutro,116.8,continuar,sintetico
18.8,124.3,96.2,estrada,tenso,46.4,continuar,sintetico
15.18,377.8,367.64,posto,desconhecido,235.7,fazer_parada,sintetico
11.59,443.1,347.51,posto,desconhecido,443.1,abastecer,sintetico
11.47,466.9,620.31,desconhecida,cansado,376.7,descansar,sintetico
20.24,136.8,149.28,restaurante,neutro,55.5,alimentar,sintetico
3.75,229.8,218.72,estrada,bravo,226.8,descansar,sintetico
12.74,165.3,115.53,estrada,desconhecido,151.7,alimentar,sintetico
6.88,165.4,141.6,estrada,animado,28.6,continuar,sintetico
13.57,403.4,587.24,desconhecida,desconhecido,403.4,abastecer,sintetico
8.2,444.0,294.95,desconhecida,tenso,262.9,fazer_parada,sintetico
0.01,451.5,308.61,desconhecida,cansado,451.5,fazer_parada,sintetico
12.63,148.1,138.73,estrada,bravo,148.1,fazer_parada,sintetico
9.68,86.6,125.16,restaurante,cansado,52.0,continuar,sintetico
11.67,307.6,352.22,posto,desconhecido,205.2,abastecer,sintetico
17.84,113.1,148.53,desconhecida,animado,113.1,registrar_ponto_turistico,sintetico
15.01,387.9,390.76,posto,bravo,302.1,fazer_parada,sintetico
19.9,56.2,53.2,estrada,animado,56.2,continuar,sintetico
12.63,76.2,56.89,desconhecida,desconhecido,76.2,continuar,sintetico
13.21,352.4,303.97,desconhecida,bravo,268.9,fazer_parada,sintetico
20.99,401.8,322.93,estrada,cansado,401.8,descansar,sintetico
10.35,396.4,618.3,desconhecida,tenso,56.6,continuar,sintetico
17.5,573.7,907.98,restaurante,desconhecido,527.6,abastecer,sintetico
11.08,186.5,176.62,estrada,neutro,186.5,fazer_parada,sintetico
16.91,217.4,305.89,desconhecida,neutro,191.8,fazer_parada,sintetico
19.18,184.5,265.26,estrada,tenso,145.2,fazer_parada,sintetico
22.69,151.5,109.61,restaurante,neutro,36.4,continuar,sintetico
17.76,542.6,530.86,posto,animado,36.2,abastecer,sintetico
13.92,27.4,25.78,desconhecida,tenso,0.1,continuar,sintetico
20.92,50.1,56.68,restaurante,bravo,50.1,continuar,sintetico
2.12,82.4,72.87,ponto_turistico,cansado,82.4,continuar,sintetico
18.45,253.8,259.7,desconhecida,animado,253.8,fazer_parada,sintetico
10.39,68.3,95.32,restaurante,desconhecido,16.3,continuar,sintetico
23.75,11.2,17.21,desconhecida,neutro,11.2,continuar,sintetico
13.19,480.4,750.48,restaurante,bravo,16.1,continuar,sintetico
20.81,51.6,49.58,estrada,animado,33.0,continuar,sintetico
2.63,168.6,198.94,restaurante,desconhecido,32.0,continuar,sintetico
22.77,45.5,54.07,estrada,desconhecido,0.3,continuar,sintetico
19.66,529.0,688.91,posto,desconhecido,471.5,abastecer,sintetico
11.82,17.4,24.44,desconhecida,neutro,17.4,continuar,sintetico
22.95,95.3,125.41,restaurante,desconhecido,48.6,continuar,sintetico
20.94,67.0,94.46,restaurante,desconhecido,30.0,continuar,sintetico
20.64,496.9,460.18,restaurante,animado,276.3,abastecer,sintetico
8.85,215.1,192.21,desconhecida,cansado,215.1,descansar,sintetico
15.9,138.1,96.68,desconhecida,neutro,138.1,continuar,sintetico
13.52,276.1,253.52,desconhecida,tenso,2.2,continuar,sintetico
14.25,205.3,236.45,ponto_turistico,cansado,165.9,descansar,sintetico
11.68,313.5,339.58,desconhecida,cansado,45.8,continuar,sintetico
17.72,340.9,448.63,desconhecida,neutro,171.7,abastecer,sintetico
11.66,135.2,181.7,estrada,desconhecido,106.1,continuar,sintetico
20.94,223.2,295.33,posto,cansado,141.2,descansar,sintetico
20.22,112.2,172.69,desconhecida,desconhecido,77.4,continuar,sintetico
6.96,46.4,66.96,estrada,animado,44.9,continuar,sintetico
14.4,186.4,264.16,estrada,animado,173.7,fazer_parada,sintetico
20.01,67.8,40.01,restaurante,cansado,21.8,continuar,sintetico
22.03,9.5,12.09,estrada,animado,5.4,continuar,sintetico
17.89,499.2,558.75,estrada,desconhecido,322.1,abastecer,sintetico
19.51,141.5,173.72,ponto_turistico,neutro,141.5,alimentar,sintetico
6.1,60.7,37.51,ponto_turistico,desconhecido,46.2,registrar_ponto_turistico,sintetico
7.12,55.6,39.66,desconhecida,desconhecido,10.5,continuar,sintetico
17.68,593.9,525.1,desconhecida,desconhecido,593.9,abastecer,sintetico
3.97,115.2,116.49,estrada,desconhecido,80.9,continuar,sintetico
8.74,16.1,14.96,posto,tenso,16.1,fazer_parada,sintetico
19.7,156.2,182.73,restaurante,tenso,156.2,fazer_parada,sintetico
20.65,59.7,75.39,estrada,bravo,59.7,continuar,sintetico
20.59,522.2,551.83,posto,desconhecido,522.2,abastecer,sintetico
13.54,446.0,635.14,desconhecida,desconhecido,296.3,abastecer,sintetico
12.85,210.2,148.96,desconhecida,animado,210.2,alimentar,sintetico
12.83,491.0,473.49,restaurante,desconhecido,173.2,abastecer,sintetico
12.29,507.5,497.11,ponto_turistico,desconhecido,507.5,abastecer,sintetico
18.33,474.7,576.59,estrada,animado,474.7,abastecer,sintetico
19.8,355.4,243.45,desconhecida,animado,46.6,continuar,sintetico
18.69,14.0,8.8,desconhecida,cansado,14.0,continuar,sintetico
17.02,106.9,81.77,desconhecida,bravo,62.6,continuar,sintetico
8.8,242.1,230.45,posto,desconhecido,242.1,abastecer,sintetico
21.41,425.9,373.15,desconhecida,bravo,425.9,fazer_parada,sintetico
13.08,92.8,107.15,desconhecida,neutro,40.6,continuar,sintetico
1.92,58.9,42.9,ponto_turistico,cansado,32.9,continuar,sintetico
18.92,76.8,107.35,posto,neutro,16.5,continuar,sintetico
22.71,134.2,161.06,desconhecida,animado,134.2,descansar,sintetico
22.87,336.0,390.24,estrada,bravo,87.1,fazer_parada,sintetico
19.05,66.2,51.18,desconhecida,animado,31.3,continuar,sintetico
4.52,64.2,46.08,restaurante,bravo,41.4,continuar,sintetico
13.3,214.1,264.15,desconhecida,desconhecido,213.2,alimentar,sintetico
8.92,458.8,418.41,posto,neutro,458.8,abastecer,sintetico
8.84,81.5,59.29,posto,neutro,42.4,continuar,sintetico
19.61,371.0,446.75,estrada,desconhecido,124.6,abastecer,sintetico
17.93,142.1,141.45,estrada,cansado,26.5,continuar,sintetico
13.82,379.4,519.09,ponto_turistico,bravo,38.4,continuar,sintetico
13.12,22.9,24.83,estrada,desconhecido,15.2,continuar,sintetico
19.27,203.5,280.89,desconhecida,desconhecido,94.1,continuar,sintetico
16.36,275.7,396.57,desconhecida,neutro,250.3,abastecer,sintetico
8.67,92.5,97.86,desconhecida,desconhecido,1.7,registrar_ponto_turistico,sintetico
18.34,236.5,252.32,estrada,desconhecido,137.4,fazer_parada,sintetico
7.57,75.7,107.83,estrada,desconhecido,73.6,continuar,sintetico
8.01,482.5,533.32,ponto_turistico,cansado,482.5,descansar,sintetico
18.8,404.5,528.31,desconhecida,desconhecido,121.3,abastecer,sintetico
21.72,15.2,12.42,restaurante,neutro,11.1,continuar,sintetico
23.32,80.1,58.02,estrada,neutro,8.1,continuar,sintetico
11.43,66.3,49.26,estrada,neutro,6.5,continuar,sintetico
20.54,176.4,231.0,desconhecida,desconhecido,17.5,continuar,sintetico
11.16,134.7,95.91,desconhecida,bravo,63.6,fazer_parada,sintetico
22.35,193.5,266.93,estrada,bravo,152.4,descansar,sintetico
6.15,226.6,132.92,ponto_turistico,desconhecido,226.6,registrar_ponto_turistico,sintetico
12.57,575.4,354.98,estrada,desconhecido,501.1,alimentar,sintetico
18.04,206.7,221.06,desconhecida,desconhecido,206.7,fazer_parada,sintetico
9.47,31.8,27.28,desconhecida,animado,31.8,continuar,sintetico
16.03,378.2,492.32,desconhecida,animado,378.2,abastecer,sintetico
12.76,64.5,58.36,restaurante,desconhecido,14.0,continuar,sintetico
11.35,174.4,122.54,desconhecida,bravo,6.9,continuar,sintetico
6.61,561.7,849.97,ponto_turistico,desconhecido,88.7,abastecer,sintetico
20.47,131.1,186.79,estrada,cansado,131.1,descansar,sintetico
15.75,197.9,303.38,desconhecida,neutro,137.4,continuar,sintetico
16.94,223.8,258.36,desconhecida,neutro,68.8,continuar,sintetico
8.4,53.6,82.36,posto,desconhecido,24.9,continuar,sintetico
13.57,423.3,357.03,restaurante,neutro,417.1,alimentar,sintetico
11.87,246.6,314.3,desconhecida,neutro,131.7,alimentar,sintetico
6.15,18.4,11.46,ponto_turistico,tenso,17.3,continuar,sintetico
22.6,146.0,121.87,estrada,neutro,146.0,descansar,sintetico
15.84,27.2,29.7,estrada,cansado,2.3,continuar,sintetico
22.47,286.6,396.21,posto,desconhecido,223.7,descansar,sintetico
14.37,401.2,563.6,desconhecida,tenso,401.2,fazer_parada,sintetico
21.71,143.3,214.16,estrada,neutro,36.2,continuar,sintetico
7.42,441.7,278.46,desconhecida,bravo,441.7,fazer_parada,sintetico
21.44,174.0,177.83,ponto_turistico,desconhecido,174.0,registrar_ponto_turistico,sintetico
9.0,176.0,263.07,desconhecida,neutro,176.0,fazer_parada,sintetico
15.64,201.1,234.61,restaurante,cansado,111.4,descansar,sintetico
14.86,105.0,148.69,desconhecida,bravo,105.0,fazer_parada,sintetico
7.88,561.3,366.49,posto,neutro,561.3,abastecer,sintetico
10.15,94.4,101.44,estrada,desconhecido,94.4,continuar,sintetico
12.19,138.0,137.83,desconhecida,tenso,48.8,continuar,sintetico
17.1,138.7,169.81,desconhecida,bravo,138.7,fazer_parada,sintetico
14.6,161.8,207.71,desconhecida,desconhecido,137.9,continuar,sintetico
9.78,95.2,63.8,desconhecida,animado,30.1,continuar,sintetico
21.87,528.5,537.76,desconhecida,cansado,34.1,continuar,sintetico
0.75,296.7,455.04,estrada,desconhecido,28.5,continuar,sintetico
12.32,202.4,278.96,desconhecida,neutro,21.4,continuar,sintetico
20.64,374.6,552.21,posto,neutro,130.1,abastecer,sintetico
22.39,190.6,154.38,desconhecida,tenso,190.6,descansar,sintetico
14.2,236.5,256.09,ponto_turistico,desconhecido,198.9,registrar_ponto_turistico,sintetico
4.81,70.6,70.35,desconhecida,animado,70.6,continuar,sintetico
15.89,311.8,357.89,ponto_turistico,animado,54.4,registrar_ponto_turistico,sintetico
18.43,245.4,181.81,estrada,desconhecido,133.2,continuar,sintetico
17.11,52.0,32.0,restaurante,neutro,52.0,continuar,sintetico
12.45,155.8,137.14,ponto_turistico,desconhecido,155.8,alimentar,sintetico
12.47,529.3,780.57,desconhecida,neutro,423.1,abastecer,sintetico
18.95,165.7,234.47,desconhecida,bravo,67.6,fazer_parada,sintetico
17.82,118.9,92.48,desconhecida,animado,118.9,continuar,sintetico
9.56,536.2,514.7,desconhecida,desconhecido,47.9,continuar,sintetico
8.55,205.0,222.59,estrada,cansado,205.0,descansar,sintetico
10.61,409.2,315.1,posto,desconhecido,245.8,abastecer,sintetico
10.22,41.8,40.67,restaurante,bravo,41.8,registrar_ponto_turistico,sintetico
17.79,217.5,145.54,desconhecida,tenso,217.5,fazer_parada,sintetico
2.76,194.2,267.73,posto,desconhecido,33.1,abastecer,sintetico
18.7,295.8,190.15,desconhecida,neutro,293.5,alimentar,sintetico
21.33,180.1,201.97,desconhecida,neutro,163.4,continuar,sintetico
6.28,73.7,45.8,desconhecida,neutro,73.7,continuar,sintetico
20.98,528.4,439.25,estrada,desconhecido,528.4,abastecer,sintetico
17.8,38.1,31.05,desconhecida,animado,15.2,continuar,sintetico
7.74,516.6,620.49,desconhecida,bravo,516.6,fazer_parada,sintetico
21.54,46.2,60.07,desconhecida,cansado,44.0,continuar,sintetico
8.29,72.5,102.09,posto,desconhecido,40.6,continuar,sintetico
13.26,203.3,141.33,desconhecida,cansado,134.9,descansar,sintetico
6.8,163.6,158.96,desconhecida,bravo,116.7,fazer_parada,sintetico
3.87,584.9,848.3,restaurante,tenso,584.9,descansar,sintetico
9.54,84.9,105.1,estrada,tenso,13.8,continuar,sintetico
15.38,69.8,80.32,posto,cansado,8.6,continuar,sintetico
8.63,505.4,660.95,desconhecida,neutro,210.4,fazer_parada,sintetico
14.76,144.6,189.57,desconhecida,desconhecido,144.6,continuar,sintetico
20.04,11.9,11.11,estrada,neutro,7.7,continuar,sintetico
0.77,483.8,754.43,ponto_turistico,cansado,286.7,descansar,sintetico
21.69,47.9,75.03,desconhecida,bravo,47.9,continuar,sintetico
13.03,278.0,399.37,desconhecida,cansado,278.0,descansar,sintetico
14.76,65.1,75.47,desconhecida,bravo,62.9,fazer_parada,sintetico
19.81,176.2,150.79,desconhecida,desconhecido,176.2,fazer_parada,sintetico
18.47,85.8,54.49,desconhecida,desconhecido,43.1,continuar,sintetico
18.59,60.5,93.35,desconhecida,cansado,21.3,continuar,sintetico
7.64,377.0,448.58,posto,desconhecido,37.0,abastecer,sintetico
11.61,566.2,751.69,desconhecida,tenso,466.8,fazer_parada,sintetico
11.11,28.1,37.32,desconhecida,desconhecido,21.8,continuar,sintetico
16.84,293.7,182.89,desconhecida,desconhecido,66.3,continuar,sintetico
4.45,356.5,470.66,desconhecida,tenso,42.8,continuar,sintetico
10.22,194.9,248.29,estrada,cansado,132.0,fazer_parada,sintetico
6.78,477.7,365.08,restaurante,desconhecido,185.8,fazer_parada,sintetico
10.69,112.6,106.51,restaurante,tenso,76.2,fazer_parada,sintetico
21.42,520.4,453.26,estrada,desconhecido,520.4,abastecer,sintetico
9.16,66.3,61.0,desconhecida,desconhecido,66.3,continuar,sintetico
13.58,588.1,881.38,estrada,bravo,588.1,fazer_parada,sintetico
15.23,223.8,314.66,desconhecida,neutro,97.0,continuar,sintetico
5.96,127.5,135.35,desconhecida,desconhecido,127.5,fazer_parada,sintetico
8.31,57.8,43.1,estrada,bravo,57.8,fazer_parada,sintetico
13.13,164.0,157.44,desconhecida,desconhecido,49.3,continuar,sintetico
13.36,313.0,283.29,desconhecida,neutro,81.0,continuar,sintetico
6.43,65.5,93.73,posto,animado,39.8,continuar,sintetico
18.44,234.5,247.17,desconhecida,tenso,69.9,fazer_parada,sintetico
7.88,137.4,211.44,desconhecida,neutro,137.4,continuar,sintetico
19.8,144.7,96.94,restaurante,animado,132.4,alimentar,sintetico
17.2,340.0,507.54,desconhecida,neutro,132.5,abastecer,sintetico
19.56,182.6,171.37,estrada,neutro,13.2,continuar,sintetico
12.84,192.0,181.41,estrada,desconhecido,192.0,alimentar,sintetico
20.13,108.0,92.76,desconhecida,cansado,108.0,descansar,sintetico
18.75,373.8,428.62,ponto_turistico,neutro,348.2,alimentar,sintetico
11.62,533.6,378.26,ponto_turistico,neutro,424.3,alimentar,sintetico
19.28,194.9,116.34,restaurante,animado,53.2,continuar,sintetico
7.3,122.4,190.92,desconhecida,desconhecido,64.1,continuar,sintetico
15.46,32.8,33.08,ponto_turistico,desconhecido,32.8,registrar_ponto_turistico,sintetico
17.53,440.7,296.51,posto,neutro,282.5,abastecer,sintetico
19.9,377.0,339.25,ponto_turistico,animado,377.0,fazer_parada,sintetico
16.71,235.0,218.83,desconhecida,desconhecido,39.6,registrar_ponto_turistico,sintetico
3.61,555.6,733.86,posto,neutro,502.5,descansar,sintetico
12.18,395.7,414.03,ponto_turistico,cansado,348.4,descansar,sintetico
22.03,442.9,487.06,estrada,neutro,408.9,descansar,sintetico
19.91,68.3,102.03,ponto_turistico,neutro,68.3,registrar_ponto_turistico,sintetico
8.43,63.4,39.83,desconhecida,desconhecido,39.4,continuar,sintetico
10.03,167.6,183.9,desconhecida,desconhecido,167.6,fazer_parada,sintetico
3.95,89.2,131.21,desconhecida,bravo,63.3,fazer_parada,sintetico
10.98,113.5,171.97,desconhecida,animado,83.8,fazer_parada,sintetico
17.74,154.7,199.06,desconhecida,desconhecido,129.0,fazer_parada,sintetico
10.37,21.3,19.09,desconhecida,desconhecido,19.6,continuar,sintetico
9.55,524.9,704.74,estrada,neutro,72.2,abastecer,sintetico
7.56,312.0,399.86,desconhecida,neutro,23.1,continuar,sintetico
11.06,113.6,162.94,desconhecida,tenso,113.6,fazer_parada,sintetico
10.77,369.6,275.87,posto,cansado,369.6,descansar,sintetico
13.95,417.9,509.8,restaurante,neutro,199.4,abastecer,sintetico
8.41,522.4,803.81,posto,bravo,111.0,fazer_parada,sintetico
18.99,150.9,214.29,ponto_turistico,desconhecido,150.9,fazer_parada,sintetico
14.46,131.6,177.58,desconhecida,tenso,131.6,fazer_parada,sintetico
15.96,232.6,170.43,desconhecida,desconhecido,154.8,continuar,sintetico
9.1,168.2,116.83,ponto_turistico,desconhecido,54.3,registrar_ponto_turistico,sintetico
20.61,141.2,198.6,estrada,cansado,47.7,continuar,sintetico
13.65,366.0,530.08,restaurante,desconhecido,229.5,abastecer,sintetico
10.69,530.0,824.75,restaurante,desconhecido,530.0,abastecer,sintetico
7.85,52.0,77.56,desconhecida,cansado,52.0,continuar,sintetico
14.61,38.4,59.15,estrada,bravo,38.4,fazer_parada,sintetico
20.35,34.9,29.1,desconhecida,neutro,18.5,continuar,sintetico
15.69,458.8,634.08,desconhecida,cansado,458.8,descansar,sintetico
15.23,159.6,138.01,desconhecida,desconhecido,145.9,fazer_parada,sintetico
22.47,144.1,169.16,estrada,desconhecido,144.1,descansar,sintetico
9.27,65.3,61.56,desconhecida,cansado,46.3,continuar,sintetico
14.42,80.7,120.47,estrada,animado,79.7,continuar,sintetico
19.25,71.6,63.99,desconhecida,bravo,8.3,continuar,sintetico
8.99,422.5,258.79,estrada,tenso,258.5,fazer_parada,sintetico
6.4,322.5,298.38,ponto_turistico,desconhecido,70.2,registrar_ponto_turistico,sintetico
14.86,61.5,83.2,desconhecida,cansado,40.5,continuar,sintetico
19.71,190.7,219.58,ponto_turistico,desconhecido,97.8,registrar_ponto_turistico,sintetico
13.87,420.7,626.1,desconhecida,neutro,353.5,abastecer,sintetico
3.25,22.5,15.02,posto,animado,16.5,continuar,sintetico
22.25,258.3,316.78,ponto_turistico,bravo,258.3,descansar,sintetico
18.72,81.6,62.77,estrada,tenso,38.3,continuar,sintetico
0.49,443.7,373.28,estrada,neutro,443.7,descansar,sintetico
8.34,358.3,328.82,desconhecida,animado,93.2,continuar,sintetico
21.04,356.4,452.86,ponto_turistico,desconhecido,125.6,abastecer,sintetico
6.17,194.8,116.01,desconhecida,desconhecido,170.5,fazer_parada,sintetico
19.58,150.8,129.17,desconhecida,desconhecido,149.7,alimentar,sintetico
11.58,134.1,96.06,estrada,neutro,49.6,continuar,sintetico
21.08,423.9,606.63,estrada,neutro,407.3,abastecer,sintetico
20.12,113.8,145.43,desconhecida,neutro,113.8,continuar,sintetico
7.3,239.7,362.92,desconhecida,neutro,3.1,continuar,sintetico
10.3,5.8,7.14,desconhecida,tenso,5.8,continuar,sintetico
12.61,90.1,114.43,ponto_turistico,desconhecido,36.2,registrar_ponto_turistico,sintetico
13.57,347.4,476.16,desconhecida,neutro,347.4,fazer_parada,sintetico
22.68,113.9,164.6,estrada,desconhecido,97.0,continuar,sintetico
11.03,225.7,202.5,desconhecida,cansado,78.3,continuar,sintetico
19.13,292.0,391.25,estrada,desconhecido,13.7,continuar,sintetico
10.61,173.3,171.53,desconhecida,desconhecido,22.7,continuar,sintetico
12.54,205.3,271.72,restaurante,neutro,167.5,alimentar,sintetico
11.64,158.8,206.25,estrada,cansado,158.4,descansar,sintetico
17.95,347.9,443.35,desconhecida,cansado,144.8,descansar,sintetico
9.72,343.6,233.16,estrada,desconhecido,343.6,continuar,sintetico
14.46,222.4,297.06,estrada,cansado,148.2,descansar,sintetico
20.63,238.4,232.41,estrada,animado,66.5,continuar,sintetico
19.68,523.6,611.48,restaurante,desconhecido,74.9,abastecer,sintetico
1.14,66.0,43.67,estrada,cansado,66.0,continuar,sintetico
19.4,501.9,726.05,desconhecida,neutro,501.9,abastecer,sintetico
18.17,548.6,754.99,estrada,neutro,548.6,abastecer,sintetico
8.82,181.8,142.91,estrada,animado,32.1,continuar,sintetico
12.57,326.4,453.21,posto,cansado,67.5,abastecer,sintetico
11.24,570.0,699.28,desconhecida,neutro,570.0,abastecer,sintetico
12.37,590.9,777.25,desconhecida,tenso,422.0,fazer_parada,sintetico
11.91,548.4,448.91,desconhecida,tenso,508.8,fazer_parada,sintetico
4.72,228.6,349.38,desconhecida,animado,84.7,continuar,sintetico
0.5,466.9,555.94,desconhecida,animado,379.0,descansar,sintetico
18.2,426.9,325.58,desconhecida,bravo,377.0,fazer_parada,sintetico
12.49,51.9,48.16,estrada,desconhecido,37.5,continuar,sintetico
15.2,470.6,535.39,ponto_turistico,neutro,42.7,registrar_ponto_turistico,sintetico
13.16,68.7,98.53,estrada,cansado,66.2,continuar,sintetico
12.34,25.4,32.71,estrada,bravo,25.4,continuar,sintetico
21.1,7.7,11.59,estrada,animado,6.6,continuar,sintetico
13.5,431.9,466.08,estrada,desconhecido,431.9,abastecer,sintetico
20.21,149.7,216.17,restaurante,desconhecido,149.7,alimentar,sintetico
23.49,26.0,35.06,ponto_turistico,cansado,25.3,continuar,sintetico
21.59,24.7,25.38,estrada,neutro,12.8,continuar,sintetico
19.78,76.3,50.58,desconhecida,desconhecido,7.0,continuar,sintetico
9.72,178.9,204.63,desconhecida,neutro,178.9,fazer_parada,sintetico
10.49,113.3,101.35,estrada,neutro,89.8,continuar,sintetico
16.06,225.2,303.28,estrada,tenso,98.9,fazer_parada,sintetico
11.67,383.5,272.61,restaurante,neutro,173.2,alimentar,sintetico
18.59,160.0,155.78,estrada,neutro,32.7,continuar,sintetico
22.8,466.4,651.34,ponto_turistico,cansado,422.1,descansar,sintetico
11.46,333.9,326.72,estrada,desconhecido,333.9,fazer_parada,sintetico
14.15,201.7,119.98,desconhecida,desconhecido,75.5,continuar,sintetico
4.13,125.7,172.54,desconhecida,desconhecido,125.7,continuar,sintetico
19.12,40.5,43.25,ponto_turistico,desconhecido,40.5,registrar_ponto_turistico,sintetico
10.72,213.7,137.36,ponto_turistico,cansado,2.2,continuar,sintetico
12.52,347.9,440.04,desconhecida,neutro,42.2,continuar,sintetico
11.95,37.1,27.94,restaurante,neutro,37.1,continuar,sintetico
8.34,341.9,263.27,estrada,animado,341.9,fazer_parada,sintetico
22.24,74.8,93.22,estrada,animado,74.8,continuar,sintetico
20.53,414.8,342.15,posto,desconhecido,246.6,abastecer,sintetico
16.71,386.3,482.06,ponto_turistico,neutro,56.3,registrar_ponto_turistico,sintetico
18.95,376.3,374.6,desconhecida,tenso,232.9,fazer_parada,sintetico
11.0,157.4,117.82,desconhecida,desconhecido,91.8,continuar,sintetico
18.75,169.9,148.18,desconhecida,desconhecido,169.9,alimentar,sintetico
15.34,73.2,103.42,desconhecida,bravo,39.8,continuar,sintetico
13.28,321.1,362.14,restaurante,neutro,6.7,continuar,sintetico
19.86,194.8,198.78,estrada,cansado,158.6,descansar,sintetico
21.99,290.4,368.75,desconhecida,cansado,81.3,descansar,sintetico
22.16,360.6,391.01,restaurante,tenso,314.9,descansar,sintetico
12.15,495.7,322.42,restaurante,desconhecido,270.8,alimentar,sintetico
19.24,24.6,38.46,restaurante,neutro,20.4,continuar,sintetico
18.37,498.6,573.49,desconhecida,desconhecido,131.9,abastecer,sintetico
11.36,197.5,198.84,estrada,desconhecido,82.2,continuar,sintetico
9.41,341.1,398.34,estrada,desconhecido,52.6,continuar,sintetico
15.14,178.8,114.26,desconhecida,desconhecido,178.8,fazer_parada,sintetico
17.52,77.7,101.34,desconhecida,tenso,70.8,fazer_parada,sintetico
12.88,211.6,263.33,desconhecida,desconhecido,27.6,continuar,sintetico
19.39,575.3,855.26,desconhecida,desconhecido,284.7,abastecer,sintetico
21.55,227.5,282.64,estrada,animado,186.0,fazer_parada,sintetico
23.13,144.9,217.92,desconhecida,neutro,69.3,continuar,sintetico
6.98,431.8,393.6,estrada,cansado,86.0,continuar,sintetico
11.04,55.0,70.23,ponto_turistico,bravo,51.4,continuar,sintetico
7.55,244.6,334.76,estrada,tenso,126.0,fazer_parada,sintetico
11.75,55.6,65.84,posto,tenso,25.5,continuar,sintetico
13.57,356.1,348.63,estrada,animado,249.3,abastecer,sintetico
11.99,113.3,88.35,estrada,desconhecido,112.6,continuar,sintetico
20.5,148.2,116.27,desconhecida,desconhecido,148.2,alimentar,sintetico
8.41,148.7,200.68,desconhecida,neutro,98.7,continuar,sintetico
21.47,134.0,136.66,posto,neutro,134.0,continuar,sintetico
8.78,230.1,138.2,ponto_turistico,animado,18.1,registrar_ponto_turistico,sintetico
6.15,255.8,186.51,desconhecida,tenso,87.8,fazer_parada,sintetico
16.35,418.4,388.91,desconhecida,desconhecido,81.2,abastecer,sintetico
6.29,344.6,350.09,estrada,desconhecido,80.0,continuar,sintetico
19.36,141.6,115.68,restaurante,neutro,49.3,continuar,sintetico
12.13,319.2,369.3,desconhecida,animado,232.0,alimentar,sintetico
18.77,429.2,520.17,posto,neutro,128.7,fazer_parada,sintetico
17.94,529.2,601.97,desconhecida,animado,529.2,abastecer,sintetico
16.22,254.3,280.9,desconhecida,desconhecido,194.8,fazer_parada,sintetico
21.37,250.8,246.88,restaurante,neutro,250.8,fazer_parada,sintetico
20.77,113.2,90.16,posto,cansado,3.2,continuar,sintetico
8.4,144.7,158.56,posto,tenso,69.6,continuar,sintetico
17.88,328.4,494.97,posto,tenso,60.2,fazer_parada,sintetico
19.5,68.1,101.47,restaurante,cansado,31.7,continuar,sintetico
16.9,578.7,733.53,posto,cansado,578.7,descansar,sintetico
7.19,79.0,119.76,posto,cansado,79.0,continuar,sintetico
7.48,316.5,371.91,restaurante,animado,316.5,fazer_parada,sintetico
9.97,231.8,140.74,estrada,desconhecido,231.8,fazer_parada,sintetico
8.04,190.6,170.84,desconhecida,cansado,97.3,descansar,sintetico
11.96,296.2,466.46,desconhecida,neutro,296.2,abastecer,sintetico
14.98,556.5,593.79,estrada,bravo,130.0,fazer_parada,sintetico
20.31,385.3,265.91,estrada,neutro,385.3,alimentar,sintetico
19.15,157.2,102.37,restaurante,animado,12.4,continuar,sintetico
22.23,571.7,841.62,desconhecida,tenso,568.4,descansar,sintetico
6.31,563.0,594.02,desconhecida,neutro,547.0,abastecer,sintetico
16.07,330.5,361.19,desconhecida,desconhecido,75.8,continuar,sintetico
14.9,122.0,179.34,estrada,tenso,122.0,fazer_parada,sintetico
9.46,493.3,703.38,estrada,desconhecido,493.3,abastecer,sintetico
16.44,532.5,328.83,ponto_turistico,desconhecido,385.9,registrar_ponto_turistico,sintetico
12.29,349.4,377.83,ponto_turistico,bravo,349.4,fazer_parada,sintetico
20.88,344.4,506.65,posto,desconhecido,143.4,abastecer,sintetico
22.83,459.3,278.08,estrada,neutro,119.4,continuar,sintetico
14.23,280.2,417.84,desconhecida,bravo,280.2,continuar,sintetico
18.74,159.3,99.26,ponto_turistico,cansado,95.5,descansar,sintetico
10.15,344.6,526.43,estrada,neutro,145.1,abastecer,sintetico
7.63,487.4,630.59,estrada,neutro,356.0,abastecer,sintetico
18.45,330.8,438.82,ponto_turistico,cansado,330.8,descansar,sintetico
18.27,206.5,265.25,estrada,desconhecido,36.7,continuar,sintetico
15.5,429.4,551.17,desconhecida,neutro,75.0,abastecer,sintetico
21.95,48.5,72.04,ponto_turistico,cansado,23.3,continuar,sintetico
23.22,12.5,17.27,estrada,cansado,12.5,continuar,sintetico
1.43,349.0,261.36,desconhecida,bravo,349.0,fazer_parada,sintetico
10.69,229.3,246.76,desconhecida,desconhecido,24.6,continuar,sintetico
17.88,145.1,203.12,desconhecida,tenso,127.1,fazer_parada,sintetico
9.05,561.7,637.01,restaurante,tenso,236.9,fazer_parada,sintetico
13.45,116.0,183.32,restaurante,cansado,15.3,continuar,sintetico
22.52,7.2,7.56,restaurante,cansado,6.1,continuar,sintetico
2.3,98.7,98.47,ponto_turistico,neutro,98.7,registrar_ponto_turistico,sintetico
12.28,462.2,483.21,estrada,bravo,313.4,fazer_parada,sintetico
19.63,434.7,539.85,restaurante,tenso,289.5,fazer_parada,sintetico
0.04,387.0,374.42,estrada,desconhecido,129.4,descansar,sintetico
8.05,212.6,247.69,ponto_turistico,neutro,212.6,registrar_ponto_turistico,sintetico
13.45,82.5,118.05,desconhecida,animado,35.3,continuar,sintetico
13.29,494.8,303.96,desconhecida,desconhecido,274.5,alimentar,sintetico
19.59,417.3,526.84,restaurante,bravo,417.3,fazer_parada,sintetico
19.71,86.5,59.95,estrada,cansado,86.2,continuar,sintetico
12.42,124.9,172.38,desconhecida,desconhecido,124.9,alimentar,sintetico
12.79,561.2,476.67,restaurante,desconhecido,561.2,abastecer,sintetico
18.93,141.7,202.12,desconhecida,desconhecido,71.9,continuar,sintetico
16.38,473.3,339.27,estrada,desconhecido,210.7,fazer_parada,sintetico
22.85,120.7,136.22,restaurante,desconhecido,120.7,descansar,sintetico
2.23,142.0,146.94,posto,cansado,51.6,continuar,sintetico
20.91,269.9,314.68,restaurante,desconhecido,247.6,alimentar,sintetico
19.93,496.2,383.22,desconhecida,desconhecido,372.9,abastecer,sintetico
6.72,225.6,253.48,desconhecida,animado,223.7,fazer_parada,sintetico
15.94,225.9,171.01,estrada,desconhecido,204.0,fazer_parada,sintetico
14.06,136.8,116.69,desconhecida,cansado,136.8,descansar,sintetico
20.04,450.2,554.18,estrada,cansado,230.8,descansar,sintetico
11.66,22.1,29.75,desconhecida,neutro,11.0,continuar,sintetico
20.86,169.1,99.98,desconhecida,neutro,61.2,continuar,sintetico
15.41,41.2,33.96,estrada,tenso,30.2,continuar,sintetico
12.56,467.2,372.06,desconhecida,animado,451.4,alimentar,sintetico
23.99,40.2,41.4,desconhecida,desconhecido,20.1,continuar,sintetico
7.86,239.2,173.85,restaurante,neutro,206.5,fazer_parada,sintetico
13.53,11.2,15.42,posto,animado,11.2,continuar,sintetico
14.25,43.4,35.38,desconhecida,bravo,11.0,continuar,sintetico
16.67,39.1,58.67,estrada,neutro,39.1,continuar,sintetico
11.7,44.2,53.76,estrada,desconhecido,14.9,continuar,sintetico
15.14,226.5,183.9,posto,desconhecido,226.2,fazer_parada,sintetico
16.38,231.0,228.89,restaurante,desconhecido,231.0,fazer_parada,sintetico
8.86,207.2,187.12,desconhecida,cansado,50.7,continuar,sintetico
23.19,51.3,38.76,desconhecida,desconhecido,48.8,continuar,sintetico
22.56,457.8,334.47,estrada,neutro,355.7,descansar,sintetico
19.84,236.6,284.62,ponto_turistico,desconhecido,236.6,alimentar,sintetico
16.57,284.8,175.63,estrada,animado,284.8,continuar,sintetico
6.44,546.5,646.41,ponto_turistico,cansado,165.3,descansar,sintetico
8.29,23.0,30.18,desconhecida,desconhecido,16.3,continuar,sintetico
11.25,187.7,280.3,ponto_turistico,bravo,109.2,fazer_parada,sintetico
20.29,378.0,498.74,estrada,neutro,75.6,abastecer,sintetico
16.26,439.9,312.24,restaurante,tenso,91.8,continuar,sintetico
18.82,583.1,422.42,posto,cansado,211.8,descansar,sintetico
13.4,137.3,107.53,desconhecida,desconhecido,3.7,continuar,sintetico
22.26,478.8,755.0,posto,desconhecido,54.8,abastecer,sintetico
22.58,229.2,242.11,desconhecida,bravo,160.0,descansar,sintetico
14.25,216.5,160.78,estrada,desconhecido,145.9,continuar,sintetico
20.46,121.3,140.2,posto,animado,121.3,continuar,sintetico
12.0,132.7,85.66,restaurante,desconhecido,45.0,continuar,sintetico
11.92,251.9,366.03,desconhecida,neutro,106.2,abastecer,sintetico
10.61,430.3,594.23,desconhecida,neutro,2.7,continuar,sintetico
22.61,475.0,481.39,ponto_turistico,desconhecido,73.4,abastecer,sintetico
16.06,215.7,264.71,desconhecida,desconhecido,215.7,fazer_parada,sintetico
8.07,557.4,557.29,desconhecida,tenso,557.4,fazer_parada,sintetico
13.07,141.8,95.2,desconhecida,desconhecido,124.4,continuar,sintetico
0.57,522.1,354.34,desconhecida,desconhecido,522.1,descansar,sintetico
15.23,592.1,362.69,ponto_turistico,desconhecido,592.1,registrar_ponto_turistico,sintetico
6.31,415.8,495.59,estrada,desconhecido,13.7,continuar,sintetico
8.29,99.8,98.0,desconhecida,cansado,99.8,descansar,sintetico
22.55,128.6,198.68,estrada,tenso,128.6,descansar,sintetico
8.11,583.7,420.46,desconhecida,bravo,583.7,fazer_parada,sintetico
22.68,490.7,330.79,desconhecida,neutro,490.7,descansar,sintetico
13.97,57.8,38.32,estrada,animado,18.0,continuar,sintetico
18.88,13.4,18.84,desconhecida,neutro,11.7,continuar,sintetico
13.51,23.8,36.86,desconhecida,cansado,9.9,continuar,sintetico
13.06,23.7,22.78,posto,tenso,22.1,continuar,sintetico
11.88,237.2,240.55,restaurante,desconhecido,83.1,alimentar,sintetico
16.04,491.5,596.25,desconhecida,desconhecido,411.0,abastecer,sintetico
12.93,336.0,463.82,desconhecida,desconhecido,157.3,abastecer,sintetico
7.95,162.1,224.62,desconhecida,tenso,98.6,fazer_parada,sintetico
22.02,192.3,144.92,desconhecida,cansado,153.5,descansar,sintetico
6.0,222.8,226.31,ponto_turistico,bravo,222.8,fazer_parada,sintetico
10.69,321.3,398.62,desconhecida,tenso,321.3,fazer_parada,sintetico
20.09,224.1,313.05,estrada,bravo,74.2,fazer_parada,sintetico
6.75,90.6,84.64,desconhecida,neutro,90.6,continuar,sintetico
14.42,28.0,27.65,desconhecida,bravo,28.0,continuar,sintetico
19.82,129.5,184.27,desconhecida,desconhecido,105.4,continuar,sintetico
22.24,39.9,58.63,desconhecida,cansado,39.9,continuar,sintetico
21.29,105.3,135.13,estrada,desconhecido,3.2,continuar,sintetico
21.24,569.0,727.32,restaurante,desconhecido,67.1,abastecer,sintetico
19.41,63.3,60.06,restaurante,neutro,24.5,continuar,sintetico
9.16,180.2,273.1,restaurante,bravo,180.2,fazer_parada,sintetico
14.12,187.5,283.77,estrada,neutro,142.2,fazer_parada,sintetico
13.5,417.6,536.91,restaurante,bravo,306.1,fazer_parada,sintetico
7.4,442.7,672.64,desconhecida,desconhecido,442.7,abastecer,sintetico
8.95,99.3,106.52,estrada,desconhecido,6.4,continuar,sintetico
8.61,528.2,777.94,desconhecida,animado,320.4,abastecer,sintetico
8.15,132.3,199.6,desconhecida,animado,16.9,continuar,sintetico
7.67,543.4,729.57,estrada,cansado,519.3,descansar,sintetico
1.6,20.9,31.21,desconhecida,animado,20.9,continuar,sintetico
22.64,322.2,446.13,desconhecida,neutro,272.5,descansar,sintetico
12.81,179.3,238.71,desconhecida,neutro,179.3,fazer_parada,sintetico
22.69,549.9,399.68,desconhecida,neutro,549.9,descansar,sintetico
9.85,471.0,669.31,desconhecida,desconhecido,69.3,abastecer,sintetico
22.73,216.7,238.4,estrada,neutro,176.4,descansar,sintetico
13.63,128.3,138.39,restaurante,neutro,128.3,alimentar,sintetico
21.15,135.4,95.24,restaurante,animado,22.5,continuar,sintetico
11.14,172.3,185.45,restaurante,tenso,27.0,continuar,sintetico
19.79,441.0,302.85,desconhecida,desconhecido,67.1,continuar,sintetico
9.87,222.8,308.9,estrada,desconhecido,125.8,continuar,sintetico
11.7,222.1,261.88,posto,animado,206.5,alimentar,sintetico
8.59,183.3,246.31,estrada,cansado,137.9,descansar,sintetico
21.18,236.0,300.8,desconhecida,desconhecido,21.5,continuar,sintetico
14.53,11.5,14.81,desconhecida,desconhecido,11.5,continuar,sintetico
8.24,104.5,64.4,ponto_turistico,neutro,38.4,registrar_ponto_turistico,sintetico
8.48,128.1,111.82,estrada,cansado,24.7,continuar,sintetico
9.46,50.8,34.34,desconhecida,cansado,0.4,continuar,sintetico
17.73,222.5,210.31,estrada,desconhecido,73.6,continuar,sintetico
16.14,84.0,99.63,posto,desconhecido,70.8,continuar,sintetico
22.13,124.7,174.0,desconhecida,neutro,124.7,continuar,sintetico
18.47,263.9,277.93,estrada,desconhecido,263.9,fazer_parada,sintetico
0.98,259.0,320.18,restaurante,bravo,211.5,descansar,sintetico
17.64,578.1,630.51,ponto_turistico,desconhecido,217.3,abastecer,sintetico
7.7,249.3,218.94,estrada,desconhecido,100.7,continuar,sintetico
13.29,187.0,126.16,estrada,desconhecido,68.7,continuar,sintetico
16.49,6.7,7.82,desconhecida,cansado,6.7,continuar,sintetico
12.53,88.6,118.89,estrada,cansado,88.6,continuar,sintetico
10.62,82.9,71.22,posto,neutro,82.9,continuar,sintetico
15.3,147.9,185.34,restaurante,desconhecido,123.7,continuar,sintetico
18.48,141.2,164.89,posto,neutro,141.2,fazer_parada,sintetico
12.27,471.2,734.06,estrada,desconhecido,59.9,continuar,sintetico
14.08,216.2,158.81,desconhecida,desconhecido,216.2,continuar,sintetico
22.74,228.3,337.1,estrada,animado,228.3,descansar,sintetico
20.09,170.5,228.84,desconhecida,desconhecido,21.1,continuar,sintetico
17.54,37.8,57.73,estrada,desconhecido,21.7,continuar,sintetico
7.28,205.5,299.68,posto,desconhecido,135.9,abastecer,sintetico
18.49,582.6,560.08,ponto_turistico,bravo,582.6,fazer_parada,sintetico
16.22,90.1,94.7,desconhecida,cansado,90.1,descansar,sintetico
8.3,559.2,516.4,ponto_turistico,cansado,559.2,descansar,sintetico
5.59,123.7,153.99,desconhecida,neutro,33.8,continuar,sintetico
12.34,101.1,147.97,desconhecida,desconhecido,58.1,continuar,sintetico
20.52,151.7,191.1,posto,neutro,46.9,continuar,sintetico
12.63,262.3,352.42,desconhecida,neutro,262.3,alimentar,sintetico
1.22,220.2,134.64,estrada,animado,220.2,descansar,sintetico
9.35,361.9,544.0,restaurante,desconhecido,227.8,abastecer,sintetico
13.37,487.0,339.66,ponto_turistico,desconhecido,356.6,alimentar,sintetico
10.3,137.8,142.08,posto,neutro,137.8,continuar,sintetico
16.38,33.8,34.03,estrada,desconhecido,10.8,continuar,sintetico
9.05,431.5,639.66,desconhecida,cansado,431.5,descansar,sintetico
8.87,39.6,46.81,desconhecida,desconhecido,7.8,continuar,sintetico
19.38,182.0,220.26,desconhecida,cansado,182.0,descansar,sintetico
16.41,104.1,63.75,desconhecida,animado,104.1,registrar_ponto_turistico,sintetico
13.84,112.9,112.42,estrada,neutro,55.2,continuar,sintetico
11.47,42.6,42.56,desconhecida,cansado,14.4,continuar,sintetico
4.47,238.4,367.47,desconhecida,neutro,238.4,descansar,sintetico
15.01,480.7,572.64,ponto_turistico,animado,112.7,abastecer,sintetico
18.92,420.2,603.92,desconhecida,desconhecido,50.7,continuar,sintetico
8.22,538.6,369.97,desconhecida,neutro,477.8,fazer_parada,sintetico
9.96,50.5,58.35,estrada,desconhecido,50.5,continuar,sintetico
0.5,140.2,134.53,desconhecida,desconhecido,140.2,descansar,sintetico
13.15,196.0,214.8,restaurante,neutro,196.0,alimentar,sintetico
20.06,461.6,692.29,estrada,desconhecido,184.0,abastecer,sintetico
13.62,24.5,14.78,desconhecida,desconhecido,16.7,continuar,sintetico
22.32,40.7,50.82,estrada,desconhecido,25.6,continuar,sintetico
22.09,140.4,120.3,ponto_turistico,animado,140.4,fazer_parada,sintetico
6.88,121.0,77.41,ponto_turistico,cansado,108.3,fazer_parada,sintetico
17.46,59.7,44.11,desconhecida,cansado,7.9,continuar,sintetico
18.23,62.3,83.04,ponto_turistico,neutro,62.3,registrar_ponto_turistico,sintetico
13.85,135.2,212.39,desconhecida,neutro,135.2,alimentar,sintetico
15.5,152.5,232.43,desconhecida,desconhecido,105.2,continuar,sintetico
21.58,318.9,260.37,desconhecida,cansado,318.9,descansar,sintetico
17.19,62.1,48.45,desconhecida,neutro,32.4,continuar,sintetico
12.54,149.5,97.23,desconhecida,bravo,149.5,fazer_parada,sintetico
13.53,279.2,202.17,desconhecida,cansado,279.2,descansar,sintetico
13.96,68.5,47.41,posto,neutro,50.5,continuar,sintetico
7.26,127.3,83.39,desconhecida,cansado,31.7,continuar,sintetico
22.25,297.4,248.66,estrada,desconhecido,165.8,descansar,sintetico
17.68,445.2,659.23,desconhecida,desconhecido,359.6,abastecer,sintetico
8.24,547.1,778.24,estrada,cansado,400.6,descansar,sintetico
11.23,311.9,419.52,desconhecida,desconhecido,131.7,fazer_parada,sintetico
21.89,432.7,410.93,restaurante,tenso,432.7,fazer_parada,sintetico
17.54,85.1,63.5,desconhecida,desconhecido,52.9,continuar,sintetico
10.73,36.9,22.37,posto,desconhecido,36.9,registrar_ponto_turistico,sintetico
15.68,488.2,616.56,ponto_turistico,cansado,157.7,descansar,sintetico
6.22,170.0,262.99,estrada,desconhecido,88.6,continuar,sintetico
22.93,117.3,101.0,restaurante,animado,3.8,fazer_parada,sintetico
11.22,430.8,655.41,desconhecida,bravo,198.4,fazer_parada,sintetico
19.09,26.6,36.46,desconhecida,cansado,7.9,continuar,sintetico
19.98,557.3,596.01,posto,desconhecido,79.5,abastecer,sintetico
19.85,85.9,130.07,ponto_turistico,neutro,85.9,registrar_ponto_turistico,sintetico
16.65,403.0,499.73,estrada,bravo,62.9,fazer_parada,sintetico
16.59,30.7,18.63,estrada,cansado,23.3,continuar,sintetico
22.0,477.9,355.47,posto,desconhecido,477.9,abastecer,sintetico
7.19,237.5,262.62,desconhecida,desconhecido,128.0,continuar,sintetico
6.84,225.5,147.02,ponto_turistico,neutro,28.4,registrar_ponto_turistico,sintetico
7.28,120.0,140.79,restaurante,neutro,120.0,continuar,sintetico
16.41,414.1,490.42,ponto_turistico,neutro,329.7,abastecer,sintetico
11.77,457.2,322.56,ponto_turistico,cansado,167.1,descansar,sintetico
12.56,143.7,220.24,posto,animado,143.7,alimentar,sintetico
13.23,243.9,287.56,ponto_turistico,desconhecido,119.6,registrar_ponto_turistico,sintetico
14.1,239.0,216.83,desconhecida,desconhecido,239.0,fazer_parada,sintetico
20.03,347.8,469.27,desconhecida,desconhecido,161.2,abastecer,sintetico
10.29,186.8,199.01,desconhecida,animado,181.1,fazer_parada,sintetico
8.12,586.0,703.06,desconhecida,desconhecido,586.0,abastecer,sintetico
4.84,95.8,119.27,estrada,desconhecido,95.8,continuar,sintetico
13.07,184.9,112.4,desconhecida,desconhecido,90.0,continuar,sintetico
20.41,243.5,268.5,desconhecida,desconhecido,243.5,alimentar,sintetico
12.8,53.0,33.31,ponto_turistico,desconhecido,33.3,registrar_ponto_turistico,sintetico
19.83,134.8,102.26,restaurante,tenso,7.7,continuar,sintetico
6.55,36.2,48.05,desconhecida,tenso,36.2,continuar,sintetico
15.06,135.8,85.36,desconhecida,neutro,55.5,continuar,sintetico
11.48,44.1,33.13,desconhecida,neutro,34.0,continuar,sintetico
13.01,572.2,598.67,estrada,tenso,439.1,fazer_parada,sintetico
20.5,237.6,242.31,desconhecida,cansado,237.6,descansar,sintetico
6.08,222.5,277.0,desconhecida,tenso,205.4,fazer_parada,sintetico
0.39,229.0,285.76,estrada,neutro,101.2,continuar,sintetico
17.02,262.0,361.47,estrada,tenso,184.2,fazer_parada,sintetico
7.93,185.9,112.65,desconhecida,tenso,162.0,fazer_parada,sintetico
19.28,73.3,85.67,restaurante,bravo,73.3,fazer_parada,sintetico
9.78,39.8,58.15,estrada,cansado,39.8,continuar,sintetico
16.05,42.6,49.94,desconhecida,cansado,42.6,continuar,sintetico
8.26,230.8,313.11,estrada,desconhecido,164.2,fazer_parada,sintetico
22.54,321.7,373.59,desconhecida,desconhecido,321.7,descansar,sintetico
12.9,262.4,382.38,ponto_turistico,neutro,200.7,abastecer,sintetico
8.54,204.5,320.05,posto,desconhecido,187.9,abastecer,sintetico
21.65,501.8,548.85,estrada,tenso,102.5,fazer_parada,sintetico
22.34,112.3,167.94,desconhecida,desconhecido,19.3,continuar,sintetico
6.39,578.1,875.91,restaurante,cansado,192.1,descansar,sintetico
0.93,139.8,210.49,desconhecida,neutro,117.1,continuar,sintetico
21.51,272.3,303.86,desconhecida,desconhecido,224.3,fazer_parada,sintetico
8.34,285.5,384.99,restaurante,desconhecido,101.7,continuar,sintetico
13.05,167.5,184.2,estrada,desconhecido,167.5,alimentar,sintetico
21.74,20.8,14.61,estrada,animado,20.8,continuar,sintetico
22.54,548.1,823.92,desconhecida,desconhecido,443.9,descansar,sintetico
9.27,169.8,209.38,desconhecida,tenso,169.8,fazer_parada,sintetico
21.98,30.5,47.94,posto,tenso,3.9,continuar,sintetico
22.67,29.2,40.48,estrada,animado,5.0,continuar,sintetico
7.85,353.6,418.82,ponto_turistico,desconhecido,247.3,abastecer,sintetico
18.78,180.2,243.11,posto,bravo,159.7,fazer_parada,sintetico
6.21,104.2,76.56,desconhecida,desconhecido,104.2,continuar,sintetico
2.16,20.8,25.15,desconhecida,tenso,17.9,continuar,sintetico
6.66,338.4,408.09,estrada,tenso,208.8,fazer_parada,sintetico
1.69,203.0,145.82,desconhecida,animado,119.2,continuar,sintetico
19.62,156.0,116.93,desconhecida,animado,92.6,continuar,sintetico
20.57,249.0,231.2,desconhecida,neutro,61.3,continuar,sintetico
1.12,386.1,436.09,estrada,animado,144.4,descansar,sintetico
13.89,239.8,256.28,estrada,animado,239.8,alimentar,sintetico
6.14,168.0,153.04,estrada,neutro,168.0,fazer_parada,sintetico
11.86,153.5,233.57,posto,neutro,153.5,alimentar,sintetico
16.85,18.2,14.3,ponto_turistico,tenso,8.7,continuar,sintetico
7.68,510.2,649.84,desconhecida,cansado,510.2,descansar,sintetico
21.23,565.9,423.72,estrada,neutro,562.5,abastecer,sintetico
10.16,17.6,21.91,estrada,desconhecido,13.8,continuar,sintetico
16.89,308.1,384.23,estrada,desconhecido,308.1,abastecer,sintetico
18.62,81.2,110.68,estrada,neutro,81.2,continuar,sintetico
20.98,150.8,96.1,estrada,desconhecido,150.8,alimentar,sintetico
22.5,181.9,153.52,desconhecida,desconhecido,181.9,descansar,sintetico
6.43,22.4,22.97,desconhecida,animado,22.4,continuar,sintetico
6.4,95.6,112.99,ponto_turistico,desconhecido,18.3,registrar_ponto_turistico,sintetico
20.01,285.0,183.13,posto,tenso,281.7,continuar,sintetico
3.86,113.0,153.49,desconhecida,neutro,87.9,continuar,sintetico
19.97,420.8,646.35,restaurante,desconhecido,420.8,abastecer,sintetico
19.72,217.1,273.01,estrada,cansado,185.7,descansar,sintetico
15.79,66.8,66.97,desconhecida,neutro,66.8,continuar,sintetico
21.44,74.9,54.97,estrada,tenso,70.3,fazer_parada,sintetico
0.96,454.4,399.96,posto,desconhecido,107.6,abastecer,sintetico
8.71,136.8,155.95,posto,desconhecido,120.1,continuar,sintetico
14.62,131.0,151.21,restaurante,cansado,131.0,descansar,sintetico
10.18,406.8,486.36,desconhecida,tenso,250.6,continuar,sintetico
10.27,56.0,41.79,restaurante,desconhecido,56.0,continuar,sintetico
23.93,466.0,480.51,desconhecida,bravo,320.9,descansar,sintetico
9.57,222.2,218.97,desconhecida,desconhecido,222.2,continuar,sintetico
22.38,599.4,639.52,desconhecida,tenso,111.4,fazer_parada,sintetico
14.96,228.4,136.29,desconhecida,tenso,165.7,fazer_parada,sintetico
13.15,51.8,54.64,restaurante,neutro,1.1,continuar,sintetico
11.88,452.2,610.12,desconhecida,animado,452.2,abastecer,sintetico
22.69,328.6,197.14,posto,animado,24.0,continuar,sintetico
15.49,179.4,267.76,desconhecida,desconhecido,2.4,continuar,sintetico
22.72,422.7,647.71,restaurante,bravo,422.7,descansar,sintetico
21.63,412.3,551.63,estrada,desconhecido,404.2,abastecer,sintetico
13.89,213.9,255.04,desconhecida,cansado,96.3,fazer_parada,sintetico
21.26,114.9,163.52,desconhecida,bravo,41.2,continuar,sintetico
10.13,133.0,175.57,posto,animado,133.0,continuar,sintetico
20.25,47.9,36.09,desconhecida,desconhecido,17.0,continuar,sintetico
10.02,87.4,136.18,desconhecida,neutro,11.5,continuar,sintetico
22.52,227.9,154.53,desconhecida,desconhecido,227.9,descansar,sintetico
6.13,312.8,470.18,ponto_turistico,desconhecido,312.8,abastecer,sintetico
21.87,40.7,25.83,restaurante,cansado,26.1,continuar,sintetico
14.79,91.3,56.97,desconhecida,desconhecido,71.3,continuar,sintetico
19.1,378.3,276.0,ponto_turistico,desconhecido,378.3,alimentar,sintetico
12.01,112.0,132.0,estrada,tenso,112.0,fazer_parada,sintetico
16.81,148.0,95.75,ponto_turistico,desconhecido,148.0,registrar_ponto_turistico,sintetico
2.37,423.6,253.87,estrada,neutro,226.8,descansar,sintetico
14.06,269.6,369.38,desconhecida,animado,269.6,fazer_parada,sintetico
20.0,450.5,571.35,estrada,desconhecido,101.0,abastecer,sintetico
13.56,106.9,85.6,estrada,animado,89.6,continuar,sintetico
8.63,169.2,205.34,posto,desconhecido,169.2,fazer_parada,sintetico
10.58,501.2,412.71,desconhecida,cansado,143.1,descansar,sintetico
24.0,580.9,689.8,desconhecida,cansado,73.7,abastecer,sintetico
20.15,103.5,106.58,desconhecida,desconhecido,67.2,continuar,sintetico
2.53,172.8,234.01,desconhecida,cansado,129.2,fazer_parada,sintetico
8.89,471.5,546.12,desconhecida,animado,471.5,abastecer,sintetico
17.0,132.6,130.19,desconhecida,desconhecido,51.2,continuar,sintetico
19.0,193.8,215.49,posto,desconhecido,91.1,continuar,sintetico
3.57,77.7,114.07,estrada,animado,72.1,continuar,sintetico
17.93,188.4,158.39,desconhecida,neutro,112.6,continuar,sintetico
10.51,136.0,196.49,desconhecida,desconhecido,136.0,continuar,sintetico
16.21,596.5,576.65,estrada,desconhecido,596.5,abastecer,sintetico
10.41,6.1,5.17,desconhecida,cansado,2.9,continuar,sintetico
6.71,211.9,245.21,estrada,cansado,207.0,descansar,sintetico
13.26,41.5,56.28,estrada,desconhecido,41.5,continuar,sintetico
12.12,541.8,556.75,posto,animado,541.8,abastecer,sintetico
11.69,287.2,430.64,estrada,neutro,122.1,continuar,sintetico
0.44,570.5,337.46,desconhecida,desconhecido,570.5,descansar,sintetico
1.52,189.7,173.37,estrada,bravo,52.3,continuar,sintetico
3.59,378.4,355.09,estrada,neutro,87.5,fazer_parada,sintetico
14.65,526.2,689.43,posto,cansado,268.2,descansar,sintetico
21.24,38.5,51.82,estrada,desconhecido,38.5,continuar,sintetico
10.88,366.8,542.92,restaurante,animado,366.8,abastecer,sintetico
12.78,203.9,242.4,estrada,bravo,203.9,fazer_parada,sintetico
8.75,581.0,805.27,desconhecida,desconhecido,488.3,abastecer,sintetico
15.04,591.7,622.13,desconhecida,neutro,468.9,abastecer,sintetico
8.66,81.1,84.95,posto,bravo,79.9,fazer_parada,sintetico
7.03,233.5,331.69,estrada,tenso,126.8,fazer_parada,sintetico
16.02,344.0,311.64,desconhecida,animado,36.3,continuar,sintetico
6.19,443.1,267.71,ponto_turistico,desconhecido,206.5,registrar_ponto_turistico,sintetico
16.82,204.1,279.38,estrada,neutro,204.1,fazer_parada,sintetico
11.53,328.7,214.94,estrada,desconhecido,328.7,alimentar,sintetico
16.06,55.6,33.22,posto,neutro,55.6,continuar,sintetico
8.29,376.8,324.37,estrada,cansado,345.9,descansar,sintetico
15.3,523.8,316.82,posto,cansado,523.8,descansar,sintetico
15.35,320.4,307.79,desconhecida,cansado,320.4,descansar,sintetico
18.98,304.8,418.21,ponto_turistico,neutro,88.6,registrar_ponto_turistico,sintetico
10.49,522.7,464.05,estrada,neutro,381.3,abastecer,sintetico
16.42,129.1,185.34,ponto_turistico,desconhecido,109.0,registrar_ponto_turistico,sintetico
19.27,150.6,226.98,restaurante,desconhecido,110.5,alimentar,sintetico
11.98,485.1,606.45,estrada,desconhecido,64.7,abastecer,sintetico
15.74,154.9,95.57,ponto_turistico,desconhecido,75.5,registrar_ponto_turistico,sintetico
14.05,138.8,203.89,estrada,desconhecido,125.9,continuar,sintetico
9.21,227.5,312.02,ponto_turistico,cansado,196.3,descansar,sintetico
0.03,384.7,424.54,estrada,neutro,60.3,abastecer,sintetico
13.44,404.4,371.76,ponto_turistico,animado,133.2,abastecer,sintetico
1.79,360.9,560.09,desconhecida,neutro,66.3,abastecer,sintetico
15.71,193.5,133.82,desconhecida,desconhecido,59.0,continuar,sintetico
13.67,46.5,41.94,estrada,desconhecido,46.5,continuar,sintetico
2.37,541.9,400.72,posto,desconhecido,536.5,descansar,sintetico
12.85,221.4,135.53,desconhecida,neutro,26.0,continuar,sintetico
12.2,288.5,306.55,estrada,animado,288.5,alimentar,sintetico
19.72,159.5,101.03,restaurante,neutro,35.8,continuar,sintetico
12.95,5.9,3.7,restaurante,neutro,3.3,continuar,sintetico
23.51,378.5,534.48,posto,animado,207.5,descansar,sintetico
11.61,104.4,164.1,desconhecida,tenso,33.0,continuar,sintetico
6.41,40.6,62.28,ponto_turistico,desconhecido,22.4,registrar_ponto_turistico,sintetico
11.17,306.1,459.26,desconhecida,cansado,306.1,descansar,sintetico
18.06,282.3,216.56,desconhecida,bravo,282.3,fazer_parada,sintetico
4.67,217.0,166.56,estrada,cansado,217.0,descansar,sintetico
5.15,126.4,105.81,estrada,neutro,54.8,continuar,sintetico
22.75,525.9,470.24,desconhecida,desconhecido,479.2,descansar,sintetico
10.59,452.5,623.42,estrada,bravo,452.5,fazer_parada,sintetico
5.66,572.3,363.9,desconhecida,bravo,310.1,fazer_parada,sintetico
15.55,128.4,174.27,estrada,desconhecido,77.6,continuar,sintetico
21.79,138.8,155.24,restaurante,desconhecido,138.8,fazer_parada,sintetico
21.42,459.7,638.87,posto,tenso,337.7,fazer_parada,sintetico
13.05,80.0,109.32,desconhecida,tenso,0.9,continuar,sintetico
22.64,183.2,156.3,ponto_turistico,desconhecido,108.9,descansar,sintetico
10.49,213.9,197.12,posto,desconhecido,146.9,fazer_parada,sintetico
1.15,424.6,450.41,estrada,desconhecido,424.6,descansar,sintetico
11.94,46.0,41.78,desconhecida,desconhecido,46.0,continuar,sintetico
15.74,459.7,555.58,desconhecida,cansado,25.3,continuar,sintetico
19.9,235.4,276.51,desconhecida,desconhecido,131.1,alimentar,sintetico
20.76,343.9,539.14,desconhecida,neutro,343.9,abastecer,sintetico
9.5,253.1,236.09,estrada,neutro,253.1,fazer_parada,sintetico
8.2,83.3,94.91,estrada,desconhecido,83.3,continuar,sintetico
22.2,98.2,147.17,desconhecida,desconhecido,47.1,continuar,sintetico
13.11,124.0,181.23,restaurante,cansado,124.0,descansar,sintetico
2.31,79.4,55.92,posto,desconhecido,79.4,continuar,sintetico
19.04,446.9,356.89,estrada,cansado,446.9,descansar,sintetico
17.74,6.6,9.02,desconhecida,bravo,2.7,continuar,sintetico
22.04,125.5,81.95,posto,desconhecido,101.6,continuar,sintetico
22.27,128.8,86.31,desconhecida,desconhecido,32.6,continuar,sintetico
18.67,176.6,250.89,estrada,neutro,176.6,alimentar,sintetico
19.76,181.5,113.18,estrada,desconhecido,30.0,continuar,sintetico
11.68,56.6,65.75,desconhecida,desconhecido,11.5,continuar,sintetico
20.33,68.9,60.88,estrada,desconhecido,13.8,continuar,sintetico
8.33,119.1,138.23,estrada,tenso,117.0,fazer_parada,sintetico
22.85,247.3,320.29,desconhecida,desconhecido,169.2,descansar,sintetico
20.12,233.9,172.22,estrada,animado,192.6,alimentar,sintetico
19.15,34.4,47.81,estrada,desconhecido,25.0,continuar,sintetico
19.93,92.2,75.49,estrada,tenso,64.3,fazer_parada,sintetico
17.98,527.0,656.83,posto,animado,196.6,abastecer,sintetico
11.97,427.4,657.55,posto,desconhecido,427.4,abastecer,sintetico
20.06,36.4,55.39,estrada,neutro,36.4,continuar,sintetico
16.04,7.6,11.53,estrada,animado,7.6,continuar,sintetico
10.43,374.6,241.28,posto,neutro,374.6,fazer_parada,sintetico
16.26,19.5,14.15,desconhecida,cansado,7.2,continuar,sintetico
11.13,90.2,96.94,desconhecida,animado,90.2,continuar,sintetico
21.51,88.4,78.49,desconhecida,animado,88.4,continuar,sintetico
14.29,94.9,73.1,desconhecida,bravo,21.5,continuar,sintetico
22.48,27.5,33.35,estrada,desconhecido,1.9,continuar,sintetico
20.21,150.0,171.27,estrada,desconhecido,35.6,continuar,sintetico
16.29,483.4,411.61,desconhecida,neutro,315.3,abastecer,sintetico
10.62,109.8,94.78,desconhecida,neutro,18.5,continuar,sintetico
19.07,108.2,128.59,estrada,neutro,12.2,continuar,sintetico
14.17,5.9,7.47,posto,neutro,1.2,continuar,sintetico
19.13,144.5,123.01,desconhecida,cansado,144.5,descansar,sintetico
6.15,500.4,746.81,posto,animado,86.8,abastecer,sintetico
13.64,182.2,199.21,estrada,bravo,182.2,fazer_parada,sintetico
13.21,424.3,582.65,estrada,tenso,58.9,fazer_parada,sintetico
1.29,59.7,79.52,estrada,desconhecido,32.0,continuar,sintetico
18.76,594.7,464.12,posto,tenso,519.1,fazer_parada,sintetico
12.36,155.9,154.35,desconhecida,animado,85.3,continuar,sintetico
11.73,573.7,619.71,posto,cansado,375.6,descansar,sintetico
16.81,41.5,38.96,ponto_turistico,cansado,11.1,continuar,sintetico
15.84,13.1,17.21,posto,desconhecido,11.9,continuar,sintetico
6.37,40.0,38.17,ponto_turistico,neutro,40.0,registrar_ponto_turistico,sintetico
17.63,478.8,491.37,desconhecida,desconhecido,346.5,abastecer,sintetico
17.64,24.1,25.57,estrada,bravo,21.3,continuar,sintetico
11.09,445.8,372.39,posto,neutro,434.4,fazer_parada,sintetico
11.23,41.6,60.24,ponto_turistico,cansado,31.6,continuar,sintetico
1.06,117.7,156.3,restaurante,desconhecido,83.3,continuar,sintetico
21.85,71.4,61.52,restaurante,cansado,28.2,continuar,sintetico
16.46,190.7,248.96,posto,bravo,4.7,continuar,sintetico
20.72,326.8,497.16,estrada,neutro,326.8,abastecer,sintetico
19.24,165.7,181.61,ponto_turistico,desconhecido,165.7,alimentar,sintetico
6.14,10.1,7.82,ponto_turistico,desconhecido,8.6,registrar_ponto_turistico,sintetico
9.53,91.3,56.64,ponto_turistico,animado,91.3,registrar_ponto_turistico,sintetico
19.82,501.8,497.99,estrada,tenso,501.8,fazer_parada,sintetico
12.16,349.2,524.17,desconhecida,neutro,279.5,abastecer,sintetico
13.62,244.7,368.5,desconhecida,bravo,244.7,fazer_parada,sintetico
6.93,195.6,230.5,desconhecida,bravo,195.6,fazer_parada,sintetico
9.76,344.6,252.29,posto,cansado,204.5,descansar,sintetico
7.71,519.0,373.64,estrada,desconhecido,89.8,continuar,sintetico
6.72,497.5,418.09,estrada,desconhecido,351.4,abastecer,sintetico
9.35,381.3,321.66,desconhecida,cansado,353.3,descansar,sintetico
15.88,60.0,50.62,desconhecida,tenso,35.4,continuar,sintetico
14.1,163.9,114.88,desconhecida,desconhecido,71.1,continuar,sintetico
6.58,130.1,78.68,posto,animado,130.1,continuar,sintetico
13.93,407.3,251.51,desconhecida,neutro,407.3,alimentar,sintetico
7.12,8.2,7.99,estrada,desconhecido,4.6,continuar,sintetico
18.69,503.0,678.52,restaurante,neutro,503.0,abastecer,sintetico
7.88,50.0,61.1,ponto_turistico,cansado,50.0,continuar,sintetico
10.62,428.0,505.89,desconhecida,neutro,428.0,abastecer,sintetico
10.96,82.0,90.02,desconhecida,tenso,82.0,fazer_parada,sintetico
9.02,160.3,241.23,desconhecida,neutro,160.3,fazer_parada,sintetico
15.47,10.8,14.09,estrada,cansado,10.8,continuar,sintetico
5.24,407.1,446.27,estrada,desconhecido,407.1,fazer_parada,sintetico
4.99,14.1,15.52,desconhecida,desconhecido,10.1,continuar,sintetico
15.02,144.5,148.28,estrada,desconhecido,133.8,continuar,sintetico
18.81,277.9,225.38,estrada,animado,229.4,alimentar,sintetico
6.84,132.0,184.93,desconhecida,desconhecido,71.6,continuar,sintetico
11.22,381.3,375.84,estrada,desconhecido,307.7,abastecer,sintetico
11.54,16.1,15.78,estrada,desconhecido,16.1,continuar,sintetico
11.34,128.6,156.08,estrada,tenso,128.6,fazer_parada,sintetico
7.96,354.7,547.36,restaurante,desconhecido,347.4,abastecer,sintetico
1.54,139.2,183.92,estrada,desconhecido,139.2,descansar,sintetico
2.8,525.5,355.74,desconhecida,desconhecido,525.5,descansar,sintetico
10.61,431.5,448.82,desconhecida,desconhecido,239.9,abastecer,sintetico
23.68,272.3,346.94,desconhecida,neutro,271.6,descansar,sintetico
11.76,430.1,439.73,desconhecida,desconhecido,355.9,abastecer,sintetico
14.33,384.9,579.48,estrada,desconhecido,384.9,abastecer,sintetico
14.26,94.4,134.19,posto,desconhecido,93.7,continuar,sintetico
12.17,140.5,200.18,estrada,desconhecido,140.5,alimentar,sintetico
17.33,227.1,249.02,desconhecida,tenso,141.7,fazer_parada,sintetico
6.24,475.7,648.83,estrada,desconhecido,109.4,abastecer,sintetico
12.79,454.3,404.6,desconhecida,neutro,105.7,abastecer,sintetico
20.78,238.8,143.25,restaurante,animado,6.9,continuar,sintetico
18.66,9.8,14.91,restaurante,desconhecido,7.8,continuar,sintetico
10.18,176.9,110.28,ponto_turistico,animado,176.9,registrar_ponto_turistico,sintetico
16.93,290.9,174.15,desconhecida,desconhecido,290.9,fazer_parada,sintetico
11.53,409.1,289.5,desconhecida,cansado,409.1,descansar,sintetico
2.35,182.0,210.35,estrada,desconhecido,182.0,descansar,sintetico
9.22,112.0,66.67,desconhecida,desconhecido,96.4,continuar,sintetico
15.75,105.4,131.09,ponto_turistico,cansado,75.2,continuar,sintetico
11.39,69.6,78.8,estrada,cansado,69.6,continuar,sintetico
14.51,599.4,431.6,desconhecida,bravo,68.0,continuar,sintetico
12.14,157.0,93.48,estrada,bravo,157.0,fazer_parada,sintetico
13.69,129.3,147.74,estrada,desconhecido,75.0,continuar,sintetico
10.22,163.4,138.62,desconhecida,neutro,27.7,continuar,sintetico
7.64,578.1,641.22,desconhecida,desconhecido,400.4,abastecer,sintetico
10.75,356.8,243.12,desconhecida,tenso,189.1,fazer_parada,sintetico
11.03,472.3,621.73,desconhecida,desconhecido,472.3,abastecer,sintetico
18.03,99.7,101.34,desconhecida,desconhecido,84.6,continuar,sintetico
20.56,342.3,314.68,posto,neutro,124.4,abastecer,sintetico
6.84,6.2,3.88,desconhecida,tenso,4.4,continuar,sintetico
15.25,92.3,87.67,desconhecida,cansado,92.3,descansar,sintetico
10.92,123.6,127.05,ponto_turistico,animado,121.2,registrar_ponto_turistico,sintetico
12.87,5.8,6.04,estrada,desconhecido,0.6,continuar,sintetico
21.39,219.5,205.63,desconhecida,neutro,212.1,fazer_parada,sintetico
15.71,130.9,173.48,desconhecida,cansado,10.4,continuar,sintetico
15.68,10.5,8.49,estrada,cansado,10.5,continuar,sintetico
17.63,28.5,32.27,estrada,animado,24.6,continuar,sintetico
21.79,267.6,378.71,estrada,desconhecido,147.1,abastecer,sintetico
22.58,215.0,212.35,desconhecida,cansado,10.5,continuar,sintetico
21.6,226.0,159.06,desconhecida,desconhecido,14.7,continuar,sintetico
7.48,95.7,149.73,posto,desconhecido,95.7,continuar,sintetico
7.24,206.0,300.95,desconhecida,neutro,206.0,fazer_parada,sintetico
11.82,261.3,359.62,ponto_turistico,desconhecido,253.9,alimentar,sintetico
11.37,174.5,206.22,desconhecida,tenso,35.1,continuar,sintetico
14.48,234.6,327.92,desconhecida,tenso,234.6,fazer_parada,sintetico
16.18,219.2,169.01,ponto_turistico,cansado,121.0,descansar,sintetico
8.71,560.5,644.35,desconhecida,tenso,560.5,descansar,sintetico
20.86,194.4,152.33,ponto_turistico,desconhecido,32.6,registrar_ponto_turistico,sintetico
13.97,317.6,479.69,desconhecida,desconhecido,317.6,abastecer,sintetico
19.49,89.6,96.26,desconhecida,neutro,85.4,continuar,sintetico
22.12,53.8,62.74,desconhecida,bravo,23.7,continuar,sintetico
22.97,433.0,343.02,restaurante,cansado,83.1,descansar,sintetico
20.56,28.4,37.06,restaurante,desconhecido,4.0,continuar,sintetico
14.03,262.4,250.81,estrada,desconhecido,158.7,fazer_parada,sintetico
9.02,315.3,418.88,desconhecida,desconhecido,239.2,abastecer,sintetico
23.15,165.5,125.49,estrada,animado,1.6,continuar,sintetico
18.06,164.6,208.4,desconhecida,desconhecido,96.9,continuar,sintetico
22.91,478.4,737.48,posto,neutro,196.0,descansar,sintetico
18.99,204.7,248.89,posto,desconhecido,204.7,alimentar,sintetico
9.69,344.8,349.8,desconhecida,desconhecido,344.8,continuar,sintetico
18.93,420.4,416.97,estrada,neutro,419.1,alimentar,sintetico
8.0,265.0,219.41,desconhecida,animado,265.0,fazer_parada,sintetico
6.41,263.8,386.16,desconhecida,desconhecido,259.1,abastecer,sintetico
13.47,304.2,318.07,desconhecida,bravo,283.3,fazer_parada,sintetico
16.66,215.7,254.78,estrada,cansado,215.7,descansar,sintetico
9.8,209.3,283.81,desconhecida,neutro,35.9,continuar,sintetico
13.24,328.1,240.12,desconhecida,tenso,328.1,fazer_parada,sintetico
16.36,453.1,496.35,estrada,bravo,113.6,fazer_parada,sintetico
3.18,568.3,771.18,estrada,animado,410.1,descansar,sintetico
10.97,182.1,112.77,desconhecida,desconhecido,165.6,continuar,sintetico
10.48,225.8,351.1,estrada,cansado,68.7,continuar,sintetico
10.45,113.4,143.8,posto,desconhecido,113.4,continuar,sintetico
12.52,500.7,416.57,estrada,cansado,274.5,descansar,sintetico
20.97,450.6,309.06,restaurante,desconhecido,430.9,alimentar,sintetico
22.31,136.4,102.51,restaurante,neutro,125.6,continuar,sintetico
9.78,551.5,649.64,estrada,neutro,494.6,abastecer,sintetico
16.37,168.7,256.17,posto,desconhecido,55.6,continuar,sintetico
16.89,188.8,128.62,estrada,animado,188.8,fazer_parada,sintetico
10.82,67.7,51.31,desconhecida,bravo,67.7,fazer_parada,sintetico
21.47,177.8,206.0,posto,neutro,177.8,fazer_parada,sintetico
10.96,32.0,41.27,desconhecida,desconhecido,4.6,continuar,sintetico
13.54,153.5,125.82,desconhecida,animado,153.5,alimentar,sintetico
23.29,232.0,283.66,ponto_turistico,animado,139.5,descansar,sintetico
17.75,192.3,210.55,desconhecida,desconhecido,192.3,fazer_parada,sintetico
11.76,264.0,344.94,estrada,desconhecido,264.0,alimentar,sintetico
13.21,157.8,139.65,desconhecida,animado,157.8,alimentar,sintetico
20.43,76.5,108.98,estrada,animado,30.9,continuar,sintetico
5.95,27.0,42.11,estrada,cansado,12.6,fazer_parada,sintetico
10.64,170.2,179.65,restaurante,desconhecido,11.1,continuar,sintetico
16.84,78.7,50.54,desconhecida,tenso,78.7,fazer_parada,sintetico
20.12,552.1,345.9,desconhecida,neutro,111.9,alimentar,sintetico
19.75,20.5,27.84,estrada,desconhecido,20.5,continuar,sintetico
12.73,360.4,259.4,restaurante,desconhecido,252.4,alimentar,sintetico
10.24,304.5,229.0,desconhecida,tenso,304.5,fazer_parada,sintetico
9.52,134.3,107.23,estrada,tenso,55.0,continuar,sintetico
18.98,544.4,464.68,restaurante,animado,378.1,abastecer,sintetico
10.1,527.8,646.67,desconhecida,neutro,208.4,abastecer,sintetico
9.66,314.3,188.03,restaurante,desconhecido,97.3,continuar,sintetico
12.89,150.3,235.43,estrada,desconhecido,10.2,continuar,sintetico
20.43,560.2,384.0,restaurante,cansado,560.2,descansar,sintetico
7.69,46.4,39.29,ponto_turistico,animado,34.3,registrar_ponto_turistico,sintetico
12.18,105.4,124.2,desconhecida,cansado,99.3,descansar,sintetico
20.45,240.0,350.72,restaurante,bravo,223.8,fazer_parada,sintetico
12.61,488.8,587.7,estrada,cansado,184.0,descansar,sintetico
9.42,460.9,587.72,estrada,tenso,460.9,continuar,sintetico
7.47,169.0,252.56,ponto_turistico,desconhecido,169.0,registrar_ponto_turistico,sintetico
6.2,449.1,393.86,estrada,neutro,175.1,abastecer,sintetico
9.95,340.3,218.14,desconhecida,tenso,119.0,fazer_parada,sintetico
20.08,536.8,705.04,desconhecida,neutro,536.8,abastecer,sintetico
18.91,373.5,337.85,desconhecida,desconhecido,373.5,alimentar,sintetico
14.02,97.6,124.05,estrada,tenso,63.3,continuar,sintetico
5.48,104.7,154.4,posto,bravo,92.2,fazer_parada,sintetico
10.59,57.5,67.44,estrada,desconhecido,19.9,continuar,sintetico
7.78,93.4,140.41,restaurante,animado,46.0,continuar,sintetico
6.96,333.1,525.72,posto,cansado,298.3,descansar,sintetico
22.19,6.0,4.91,ponto_turistico,desconhecido,6.0,registrar_ponto_turistico,sintetico
18.63,51.3,80.62,ponto_turistico,tenso,51.3,fazer_parada,sintetico
2.21,73.6,100.64,posto,animado,4.6,continuar,sintetico
15.71,165.9,98.32,ponto_turistico,bravo,94.5,fazer_parada,sintetico
22.15,166.2,262.06,posto,desconhecido,32.7,continuar,sintetico
17.44,31.1,33.56,estrada,desconhecido,31.1,continuar,sintetico
16.49,38.9,54.71,desconhecida,neutro,38.9,continuar,sintetico
12.39,237.1,299.19,posto,cansado,19.1,fazer_parada,sintetico
8.82,540.7,627.59,restaurante,desconhecido,56.2,continuar,sintetico
7.64,526.6,547.7,estrada,animado,228.3,abastecer,sintetico
23.43,242.6,333.1,estrada,desconhecido,242.6,descansar,sintetico
6.88,361.2,351.9,estrada,desconhecido,339.3,fazer_parada,sintetico
7.42,505.1,381.54,ponto_turistico,desconhecido,310.7,continuar,sintetico
7.81,550.4,730.6,desconhecida,neutro,550.4,abastecer,sintetico
13.5,445.3,485.11,desconhecida,cansado,74.3,abastecer,sintetico
11.83,207.7,133.79,estrada,neutro,207.7,alimentar,sintetico
18.5,74.3,69.18,desconhecida,neutro,74.3,continuar,sintetico
23.7,141.9,127.59,desconhecida,desconhecido,141.9,descansar,sintetico
18.17,91.2,139.61,estrada,neutro,32.2,continuar,sintetico
7.35,94.0,97.75,estrada,tenso,14.8,continuar,sintetico
2.05,246.2,336.45,desconhecida,desconhecido,246.2,descansar,sintetico
17.88,271.1,203.74,posto,tenso,162.6,fazer_parada,sintetico
16.46,348.9,429.73,estrada,cansado,4.9,continuar,sintetico
15.03,223.5,188.87,estrada,desconhecido,201.5,fazer_parada,sintetico
6.46,319.0,347.6,desconhecida,desconhecido,319.0,abastecer,sintetico
13.08,485.7,290.54,estrada,cansado,485.7,descansar,sintetico
20.6,12.7,10.44,restaurante,desconhecido,6.1,continuar,sintetico
18.99,32.5,31.62,restaurante,desconhecido,32.5,continuar,sintetico
11.56,29.7,31.59,ponto_turistico,cansado,4.7,continuar,sintetico
14.24,236.3,225.59,desconhecida,bravo,98.1,fazer_parada,sintetico
16.58,292.0,259.14,estrada,neutro,246.2,fazer_parada,sintetico
10.6,334.1,450.01,desconhecida,tenso,289.2,fazer_parada,sintetico
6.34,57.2,86.69,desconhecida,desconhecido,29.1,continuar,sintetico
12.35,185.6,154.65,desconhecida,tenso,185.6,fazer_parada,sintetico
10.89,493.0,402.08,estrada,desconhecido,42.0,continuar,sintetico
14.32,74.6,77.49,estrada,desconhecido,74.6,continuar,sintetico
16.61,427.1,315.32,estrada,bravo,320.0,fazer_parada,sintetico
18.99,593.5,574.06,desconhecida,animado,593.5,abastecer,sintetico
7.3,38.3,34.45,desconhecida,neutro,25.9,continuar,sintetico
21.76,114.7,67.6,desconhecida,cansado,102.1,registrar_ponto_turistico,sintetico
13.58,109.7,130.16,restaurante,animado,109.7,alimentar,sintetico
12.73,334.0,207.15,restaurante,tenso,267.6,fazer_parada,sintetico
17.91,186.5,140.59,estrada,neutro,55.0,continuar,sintetico
11.17,291.8,202.79,estrada,neutro,44.3,continuar,sintetico
10.65,171.0,100.54,desconhecida,cansado,155.9,descansar,sintetico
7.56,172.2,195.2,posto,neutro,172.2,fazer_parada,sintetico
1.66,243.9,266.84,estrada,desconhecido,231.1,descansar,sintetico
10.52,80.2,62.03,posto,desconhecido,80.2,continuar,sintetico
10.12,450.7,347.04,estrada,tenso,450.7,fazer_parada,sintetico
14.59,55.4,83.01,ponto_turistico,cansado,35.7,continuar,sintetico
13.1,108.2,134.49,desconhecida,cansado,77.4,continuar,sintetico
12.74,174.2,166.01,estrada,desconhecido,115.2,continuar,sintetico
11.93,65.1,74.91,desconhecida,desconhecido,15.4,continuar,sintetico
18.33,72.9,71.17,posto,tenso,59.8,fazer_parada,sintetico
8.56,198.6,313.39,estrada,neutro,28.9,continuar,sintetico
0.07,484.3,562.45,posto,cansado,467.5,descansar,sintetico
20.64,339.6,457.02,restaurante,desconhecido,97.6,abastecer,sintetico
20.22,31.3,41.82,posto,animado,7.1,continuar,sintetico
12.99,211.2,197.45,estrada,desconhecido,17.4,continuar,sintetico
13.17,458.7,409.79,estrada,animado,458.7,alimentar,sintetico
18.47,122.0,133.9,estrada,bravo,122.0,fazer_parada,sintetico
16.07,154.8,185.34,desconhecida,tenso,154.8,fazer_parada,sintetico
14.61,470.3,620.69,desconhecida,neutro,86.1,abastecer,sintetico
14.98,504.8,790.75,posto,cansado,340.6,descansar,sintetico
15.26,90.8,134.66,estrada,desconhecido,90.8,continuar,sintetico
7.4,334.4,433.51,desconhecida,bravo,187.1,fazer_parada,sintetico
0.79,477.8,484.9,desconhecida,cansado,477.8,descansar,sintetico
14.53,44.3,56.19,desconhecida,desconhecido,44.3,continuar,sintetico
6.24,15.7,16.23,desconhecida,desconhecido,10.9,continuar,sintetico
11.38,502.9,549.72,desconhecida,animado,309.9,abastecer,sintetico
23.93,168.1,141.49,desconhecida,cansado,112.7,descansar,sintetico
20.97,577.1,582.55,restaurante,desconhecido,577.1,abastecer,sintetico
20.41,208.5,154.38,restaurante,neutro,208.5,alimentar,sintetico
12.45,378.6,532.07,estrada,bravo,36.6,continuar,sintetico
11.75,58.4,87.22,posto,animado,43.0,continuar,sintetico
18.18,457.7,634.98,desconhecida,tenso,457.7,fazer_parada,sintetico
11.76,8.1,5.73,desconhecida,cansado,8.1,continuar,sintetico
8.96,566.0,620.51,ponto_turistico,desconhecido,273.7,abastecer,sintetico
15.29,566.2,717.14,desconhecida,desconhecido,259.6,abastecer,sintetico
2.33,499.1,474.82,desconhecida,tenso,230.9,descansar,sintetico
15.11,35.4,37.04,estrada,cansado,6.1,continuar,sintetico
22.95,575.8,550.67,ponto_turistico,animado,575.8,descansar,sintetico
16.16,453.3,548.75,ponto_turistico,cansado,453.3,fazer_parada,sintetico
21.59,123.6,73.14,desconhecida,neutro,69.1,continuar,sintetico
18.32,44.6,51.99,posto,neutro,44.6,continuar,sintetico
12.86,509.5,640.89,desconhecida,bravo,31.6,continuar,sintetico
7.88,77.6,122.65,posto,desconhecido,38.0,continuar,sintetico
17.87,80.6,75.54,desconhecida,cansado,23.6,continuar,sintetico
19.42,150.8,105.2,desconhecida,animado,125.4,alimentar,sintetico
20.37,219.6,314.95,desconhecida,neutro,219.6,alimentar,sintetico
10.16,119.4,109.06,estrada,desconhecido,4.4,continuar,sintetico
7.39,321.0,268.62,ponto_turistico,cansado,13.2,continuar,sintetico
16.52,270.6,204.73,desconhecida,tenso,22.4,continuar,sintetico
20.28,271.4,396.5,desconhecida,neutro,148.6,alimentar,sintetico
18.88,568.6,816.29,desconhecida,neutro,568.6,abastecer,sintetico
14.46,40.7,46.74,restaurante,cansado,9.1,continuar,sintetico
11.84,359.0,471.13,desconhecida,desconhecido,355.6,abastecer,sintetico
15.96,216.8,160.28,restaurante,desconhecido,200.1,fazer_parada,sintetico
19.41,147.5,130.61,restaurante,desconhecido,147.5,alimentar,sintetico
13.51,542.2,384.72,desconhecida,desconhecido,542.2,alimentar,sintetico
22.33,556.7,485.38,desconhecida,desconhecido,212.1,descansar,sintetico
17.63,517.2,660.4,posto,animado,69.0,abastecer,sintetico
11.4,537.2,710.11,ponto_turistico,cansado,214.0,descansar,sintetico
7.01,55.8,66.05,posto,desconhecido,25.4,continuar,sintetico
17.21,354.1,357.82,desconhecida,desconhecido,288.8,fazer_parada,sintetico
15.47,282.9,313.71,desconhecida,cansado,244.8,descansar,sintetico
12.88,473.0,542.17,restaurante,desconhecido,473.0,abastecer,sintetico
17.66,93.4,119.07,estrada,neutro,55.0,continuar,sintetico
19.71,418.4,451.42,desconhecida,desconhecido,418.4,abastecer,sintetico
23.59,204.9,193.8,desconhecida,bravo,21.5,continuar,sintetico
22.18,73.4,48.79,posto,neutro,1.7,continuar,sintetico
8.1,56.2,51.64,posto,tenso,0.1,continuar,sintetico
15.84,296.7,203.83,estrada,desconhecido,296.7,fazer_parada,sintetico
12.31,245.2,309.41,desconhecida,desconhecido,245.2,alimentar,sintetico
0.59,155.4,158.29,desconhecida,cansado,110.3,fazer_parada,sintetico
18.31,423.0,471.44,desconhecida,desconhecido,423.0,abastecer,sintetico
20.07,39.1,37.52,posto,neutro,39.1,fazer_parada,sintetico
23.61,109.3,103.95,desconhecida,bravo,22.0,continuar,sintetico
8.13,122.9,165.62,desconhecida,neutro,122.9,continuar,sintetico
15.31,333.2,430.0,desconhecida,cansado,279.2,descansar,sintetico
13.4,339.1,532.46,ponto_turistico,tenso,289.3,fazer_parada,sintetico
19.96,25.2,17.17,desconhecida,neutro,17.1,continuar,sintetico
0.15,303.9,337.3,desconhecida,bravo,303.9,descansar,sintetico
22.89,111.5,75.37,ponto_turistico,desconhecido,44.6,registrar_ponto_turistico,sintetico
22.28,374.5,456.86,desconhecida,desconhecido,335.2,descansar,sintetico
19.02,253.0,346.94,desconhecida,desconhecido,253.0,alimentar,sintetico
10.71,53.2,59.48,desconhecida,bravo,53.2,continuar,sintetico
15.2,351.9,438.94,desconhecida,bravo,88.3,fazer_parada,sintetico
8.59,454.4,494.72,posto,cansado,454.4,descansar,sintetico
3.72,141.8,161.29,desconhecida,desconhecido,27.3,continuar,sintetico
20.05,204.9,190.49,ponto_turistico,desconhecido,204.9,alimentar,sintetico
21.47,69.8,57.92,estrada,animado,69.8,continuar,sintetico
20.42,140.3,169.24,desconhecida,cansado,36.6,continuar,sintetico
15.57,12.3,8.15,ponto_turistico,desconhecido,8.8,continuar,sintetico
21.81,413.7,516.62,ponto_turistico,bravo,413.7,fazer_parada,sintetico
22.83,485.7,683.81,ponto_turistico,neutro,485.7,descansar,sintetico
11.08,66.9,64.08,desconhecida,desconhecido,52.1,continuar,sintetico
12.0,194.8,290.19,restaurante,neutro,194.8,alimentar,sintetico
18.97,237.5,313.35,desconhecida,desconhecido,237.5,alimentar,sintetico
12.06,82.2,50.95,desconhecida,tenso,70.8,fazer_parada,sintetico
7.92,460.3,682.73,estrada,cansado,460.3,descansar,sintetico
14.0,171.6,194.27,restaurante,cansado,128.1,fazer_parada,sintetico
20.24,144.6,169.25,desconhecida,tenso,144.6,fazer_parada,sintetico
7.56,19.6,16.75,estrada,desconhecido,19.6,continuar,sintetico
23.55,45.6,65.78,desconhecida,tenso,8.6,continuar,sintetico
8.95,106.1,137.44,estrada,desconhecido,12.5,continuar,sintetico
6.52,125.9,119.92,desconhecida,tenso,125.9,fazer_parada,sintetico
20.7,68.8,104.76,posto,desconhecido,8.5,continuar,sintetico
8.45,153.3,177.91,desconhecida,tenso,153.3,fazer_parada,sintetico
14.06,131.1,168.3,estrada,neutro,125.2,continuar,sintetico
12.69,44.9,28.63,desconhecida,animado,44.9,continuar,sintetico
18.99,118.8,79.72,estrada,neutro,108.2,continuar,sintetico
6.83,576.3,798.06,posto,bravo,87.8,fazer_parada,sintetico
2.59,89.0,117.95,desconhecida,cansado,68.2,continuar,sintetico
18.1,40.7,25.75,ponto_turistico,desconhecido,29.0,registrar_ponto_turistico,sintetico
17.63,47.8,66.03,ponto_turistico,animado,42.5,registrar_ponto_turistico,sintetico
18.14,406.5,604.99,desconhecida,neutro,17.6,continuar,sintetico
19.59,206.9,148.99,estrada,desconhecido,182.0,alimentar,sintetico
16.19,50.4,40.95,estrada,cansado,50.4,continuar,sintetico
22.4,125.8,139.5,desconhecida,neutro,62.8,continuar,sintetico
16.42,80.6,100.22,desconhecida,cansado,80.6,continuar,sintetico
21.57,112.0,133.77,posto,desconhecido,87.2,continuar,sintetico
19.61,371.5,326.4,estrada,desconhecido,371.5,alimentar,sintetico
0.87,589.5,914.41,estrada,cansado,517.6,descansar,sintetico
13.5,449.1,270.72,desconhecida,neutro,449.1,alimentar,sintetico
23.22,295.4,317.01,estrada,animado,295.4,descansar,sintetico
20.07,91.0,127.5,desconhecida,desconhecido,21.2,continuar,sintetico
18.07,73.0,51.81,desconhecida,neutro,70.5,continuar,sintetico
13.53,154.8,164.25,desconhecida,cansado,154.8,descansar,sintetico
19.63,55.1,63.77,restaurante,neutro,1.4,continuar,sintetico
13.96,174.9,243.43,estrada,cansado,174.9,descansar,sintetico
20.45,139.2,203.41,desconhecida,desconhecido,36.2,continuar,sintetico
19.47,40.0,40.72,ponto_turistico,animado,40.0,registrar_ponto_turistico,sintetico
21.41,85.7,116.74,desconhecida,bravo,18.6,continuar,sintetico
14.0,232.1,186.52,estrada,bravo,175.4,fazer_parada,sintetico
18.62,500.0,426.93,desconhecida,tenso,214.5,fazer_parada,sintetico
15.52,391.5,508.03,estrada,cansado,183.3,descansar,sintetico
10.73,298.0,180.35,desconhecida,animado,298.0,fazer_parada,sintetico
19.88,320.8,300.1,desconhecida,neutro,133.8,alimentar,sintetico
20.86,45.5,44.33,posto,bravo,30.4,continuar,sintetico
14.89,155.9,146.25,desconhecida,desconhecido,81.1,continuar,sintetico
12.86,29.9,32.83,restaurante,bravo,29.9,continuar,sintetico
19.29,50.6,39.0,desconhecida,bravo,19.1,registrar_ponto_turistico,sintetico
13.5,150.6,162.79,posto,desconhecido,88.9,continuar,sintetico
12.25,137.4,148.01,desconhecida,cansado,137.4,descansar,sintetico
21.8,110.0,139.61,ponto_turistico,bravo,2.7,continuar,sintetico
12.71,423.1,446.74,desconhecida,cansado,423.1,descansar,sintetico
8.9,59.5,66.92,posto,desconhecido,5.1,continuar,sintetico
14.97,200.6,229.22,restaurante,neutro,173.2,fazer_parada,sintetico
16.13,101.9,76.26,desconhecida,cansado,51.7,continuar,sintetico
0.84,168.9,238.79,estrada,desconhecido,11.9,continuar,sintetico
22.11,476.2,588.2,estrada,desconhecido,277.2,descansar,sintetico
8.72,145.2,176.99,desconhecida,cansado,100.8,descansar,sintetico
15.89,134.3,132.98,desconhecida,desconhecido,94.0,continuar,sintetico
13.23,168.1,219.38,ponto_turistico,tenso,168.1,fazer_parada,sintetico
8.7,104.3,162.9,estrada,desconhecido,96.7,continuar,sintetico
6.8,242.4,188.28,restaurante,desconhecido,242.4,fazer_parada,sintetico
19.61,587.9,838.49,desconhecida,neutro,203.5,abastecer,sintetico
8.02,190.0,135.78,ponto_turistico,desconhecido,190.0,registrar_ponto_turistico,sintetico
3.31,474.6,724.46,estrada,bravo,370.4,descansar,sintetico
13.66,460.0,633.4,restaurante,tenso,460.0,fazer_parada,sintetico
12.94,592.8,707.36,restaurante,neutro,592.8,abastecer,sintetico
19.02,431.7,643.17,restaurante,neutro,279.3,abastecer,sintetico
10.44,79.3,97.13,posto,desconhecido,13.5,continuar,sintetico
7.35,406.5,388.22,desconhecida,neutro,167.2,fazer_parada,sintetico
11.82,61.6,80.71,estrada,cansado,58.4,continuar,sintetico
20.76,196.3,198.39,restaurante,animado,196.3,alimentar,sintetico
21.43,142.0,127.9,estrada,animado,59.9,continuar,sintetico
22.44,439.6,333.14,estrada,desconhecido,320.2,descansar,sintetico
12.48,216.5,191.89,desconhecida,cansado,69.5,continuar,sintetico
10.77,191.9,212.36,desconhecida,neutro,57.1,continuar,sintetico
1.42,38.2,32.59,estrada,desconhecido,28.2,continuar,sintetico
17.27,420.7,366.57,estrada,desconhecido,147.8,continuar,sintetico
14.53,18.9,27.91,desconhecida,desconhecido,5.6,continuar,sintetico
21.2,533.1,577.69,desconhecida,neutro,176.9,fazer_parada,sintetico
16.99,242.7,293.09,estrada,neutro,242.7,fazer_parada,sintetico
14.46,157.7,158.21,estrada,neutro,143.2,continuar,sintetico
8.65,162.1,244.9,desconhecida,neutro,50.0,continuar,sintetico
18.06,193.7,188.61,desconhecida,neutro,166.7,continuar,sintetico
20.38,186.8,257.66,posto,tenso,175.5,fazer_parada,sintetico
9.58,167.2,117.73,posto,cansado,164.3,descansar,sintetico
17.24,29.1,39.13,ponto_turistico,desconhecido,6.9,registrar_ponto_turistico,sintetico
16.02,571.3,738.94,restaurante,bravo,571.3,continuar,sintetico
13.84,142.8,213.98,restaurante,bravo,96.4,fazer_parada,sintetico
16.87,33.2,34.09,estrada,cansado,0.1,continuar,sintetico
17.84,426.3,464.49,estrada,cansado,198.5,descansar,sintetico
2.63,119.1,121.14,desconhecida,desconhecido,119.1,descansar,sintetico
17.56,264.0,402.33,desconhecida,desconhecido,264.0,fazer_parada,sintetico
6.88,81.6,57.22,desconhecida,desconhecido,49.3,continuar,sintetico
13.6,33.0,49.5,posto,bravo,33.0,continuar,sintetico
12.64,582.9,752.25,estrada,neutro,562.3,abastecer,sintetico
6.27,372.2,514.97,estrada,tenso,372.2,fazer_parada,sintetico
21.04,92.9,75.47,estrada,animado,4.2,continuar,sintetico
9.96,193.4,258.01,posto,desconhecido,193.4,abastecer,sintetico
13.92,599.6,903.75,restaurante,animado,502.6,abastecer,sintetico
19.57,349.3,381.38,restaurante,animado,349.3,alimentar,sintetico
15.24,520.6,440.09,desconhecida,cansado,344.6,descansar,sintetico
8.16,560.3,734.87,posto,desconhecido,526.9,abastecer,sintetico
15.77,425.1,523.29,desconhecida,animado,379.3,abastecer,sintetico
15.99,238.3,376.65,desconhecida,animado,233.4,abastecer,sintetico
17.07,200.3,159.3,estrada,animado,147.0,continuar,sintetico
18.65,43.8,26.76,desconhecida,neutro,43.8,continuar,sintetico
0.37,277.5,357.72,restaurante,tenso,277.5,descansar,sintetico
9.92,103.8,124.53,posto,neutro,75.7,continuar,sintetico
19.22,259.7,260.33,restaurante,animado,259.7,alimentar,sintetico
14.22,110.3,166.67,desconhecida,desconhecido,110.3,continuar,sintetico
12.81,195.4,140.85,desconhecida,animado,195.4,alimentar,sintetico
9.67,277.9,374.2,estrada,tenso,277.9,fazer_parada,sintetico
10.19,74.8,63.7,desconhecida,cansado,62.9,continuar,sintetico
20.05,153.0,196.77,desconhecida,desconhecido,25.3,continuar,sintetico
6.28,377.5,527.22,estrada,desconhecido,269.3,fazer_parada,sintetico
22.41,77.1,105.96,posto,bravo,77.1,fazer_parada,sintetico
10.22,167.3,166.48,desconhecida,neutro,167.3,fazer_parada,sintetico
14.05,315.7,406.02,estrada,animado,315.7,fazer_parada,sintetico
23.54,88.2,125.01,desconhecida,desconhecido,34.3,continuar,sintetico
15.36,56.2,56.79,desconhecida,animado,56.2,continuar,sintetico
22.14,40.3,31.71,posto,desconhecido,36.3,continuar,sintetico
19.39,147.2,138.53,restaurante,desconhecido,33.9,continuar,sintetico
19.98,141.0,142.38,desconhecida,cansado,141.0,descansar,sintetico
4.2,189.1,245.26,desconhecida,cansado,15.8,continuar,sintetico
19.73,298.4,322.18,restaurante,tenso,9.8,continuar,sintetico
13.46,217.9,170.79,desconhecida,bravo,141.8,fazer_parada,sintetico
11.86,595.2,408.91,estrada,neutro,229.1,abastecer,sintetico
11.24,181.1,136.79,ponto_turistico,cansado,181.1,descansar,sintetico
9.96,273.4,363.31,estrada,desconhecido,68.1,continuar,sintetico
9.37,229.7,282.38,restaurante,animado,72.3,continuar,sintetico
13.92,105.1,101.59,desconhecida,tenso,105.1,fazer_parada,sintetico
13.98,52.8,74.32,desconhecida,neutro,39.4,continuar,sintetico
9.27,247.4,207.85,posto,desconhecido,203.3,fazer_parada,sintetico
23.04,67.2,80.32,desconhecida,desconhecido,54.9,continuar,sintetico
6.49,76.6,73.85,restaurante,tenso,1.7,continuar,sintetico
12.89,362.7,355.07,estrada,bravo,29.1,continuar,sintetico
20.42,152.4,219.27,restaurante,neutro,29.2,continuar,sintetico
13.1,497.7,749.88,desconhecida,animado,497.7,abastecer,sintetico
19.88,31.5,33.21,restaurante,desconhecido,22.2,continuar,sintetico
17.25,31.5,32.78,estrada,neutro,31.5,continuar,sintetico
14.73,46.8,72.62,estrada,cansado,46.8,continuar,sintetico
15.97,294.0,300.57,restaurante,cansado,278.1,descansar,sintetico
10.55,570.4,426.75,desconhecida,desconhecido,42.3,continuar,sintetico
10.4,158.1,195.45,posto,desconhecido,53.7,continuar,sintetico
15.89,286.3,210.03,desconhecida,desconhecido,203.5,fazer_parada,sintetico
14.59,150.2,134.34,ponto_turistico,tenso,150.2,fazer_parada,sintetico
1.49,227.3,261.13,desconhecida,desconhecido,227.3,descansar,sintetico
19.68,592.8,845.97,estrada,desconhecido,592.8,abastecer,sintetico
15.49,219.6,330.07,desconhecida,desconhecido,219.6,fazer_parada,sintetico
8.95,590.9,407.15,desconhecida,cansado,340.8,descansar,sintetico
12.65,280.2,383.43,estrada,neutro,280.2,alimentar,sintetico
7.52,438.4,667.06,desconhecida,bravo,330.7,fazer_parada,sintetico
18.84,307.4,233.25,ponto_turistico,bravo,307.4,fazer_parada,sintetico
13.52,7.5,5.72,ponto_turistico,desconhecido,2.3,registrar_ponto_turistico,sintetico
13.01,525.6,666.62,estrada,desconhecido,454.7,abastecer,sintetico
8.51,16.6,18.42,desconhecida,desconhecido,7.7,continuar,sintetico
9.59,33.0,30.13,estrada,tenso,31.8,continuar,sintetico
19.36,414.2,373.43,posto,desconhecido,300.3,abastecer,sintetico
9.42,66.8,43.38,ponto_turistico,tenso,27.4,continuar,sintetico
18.88,307.3,445.03,posto,desconhecido,307.3,abastecer,sintetico
9.89,195.7,139.87,desconhecida,tenso,146.5,fazer_parada,sintetico
22.38,497.4,716.47,desconhecida,bravo,497.4,descansar,sintetico
7.33,196.0,186.52,estrada,animado,196.0,fazer_parada,sintetico
10.2,214.8,146.33,estrada,neutro,16.0,continuar,sintetico
12.87,575.4,792.65,estrada,cansado,353.2,descansar,sintetico
14.05,173.0,143.0,desconhecida,desconhecido,173.0,fazer_parada,sintetico
13.32,16.8,10.79,desconhecida,cansado,16.8,continuar,sintetico
19.89,356.2,485.48,estrada,tenso,298.3,fazer_parada,sintetico
11.29,493.0,723.52,restaurante,desconhecido,480.5,abastecer,sintetico
20.45,23.4,25.98,restaurante,desconhecido,23.4,continuar,sintetico
13.64,340.5,274.44,desconhecida,neutro,44.7,continuar,sintetico
15.65,43.2,32.92,ponto_turistico,neutro,21.1,registrar_ponto_turistico,sintetico
11.59,227.0,270.77,restaurante,cansado,161.8,descansar,sintetico
4.6,38.6,35.48,estrada,tenso,16.3,continuar,sintetico
12.29,30.9,42.34,ponto_turistico,neutro,7.2,registrar_ponto_turistico,sintetico
22.94,303.5,315.76,desconhecida,neutro,146.4,descansar,sintetico
12.69,470.1,632.34,estrada,cansado,470.1,descansar,sintetico
20.09,430.3,442.84,estrada,cansado,148.0,descansar,sintetico
21.37,304.4,458.84,desconhecida,cansado,246.7,descansar,sintetico
11.42,226.9,242.23,posto,desconhecido,111.2,continuar,sintetico
22.54,265.8,197.28,estrada,cansado,265.8,descansar,sintetico
21.67,54.0,76.82,desconhecida,animado,4.8,continuar,sintetico
13.67,484.7,680.88,desconhecida,bravo,471.8,fazer_parada,sintetico
15.7,170.4,205.35,ponto_turistico,desconhecido,170.4,registrar_ponto_turistico,sintetico
12.07,75.1,63.12,ponto_turistico,cansado,57.6,continuar,sintetico
19.54,166.1,224.31,ponto_turistico,neutro,82.3,registrar_ponto_turistico,sintetico
8.42,107.5,141.63,desconhecida,desconhecido,107.5,continuar,sintetico
22.04,232.4,164.59,desconhecida,bravo,171.0,descansar,sintetico
14.32,467.0,658.77,ponto_turistico,animado,450.5,abastecer,sintetico
3.66,134.7,81.34,desconhecida,tenso,91.6,fazer_parada,sintetico
16.08,516.5,524.28,posto,tenso,351.4,fazer_parada,sintetico
22.59,198.5,305.13,estrada,tenso,95.6,fazer_parada,sintetico
11.14,298.9,353.93,desconhecida,neutro,159.8,fazer_parada,sintetico
7.47,527.8,741.95,desconhecida,animado,347.4,abastecer,sintetico
15.13,44.0,40.84,desconhecida,animado,13.3,registrar_ponto_turistico,sintetico
10.54,471.6,554.09,estrada,neutro,471.6,abastecer,sintetico
8.86,435.7,561.8,desconhecida,tenso,165.4,fazer_parada,sintetico
12.39,356.3,309.12,desconhecida,desconhecido,118.3,alimentar,sintetico
16.63,20.0,22.74,estrada,desconhecido,7.1,continuar,sintetico
18.45,380.9,567.56,desconhecida,cansado,201.9,descansar,sintetico
12.1,62.6,67.33,desconhecida,cansado,46.6,continuar,sintetico
8.54,235.9,363.31,desconhecida,animado,160.9,abastecer,sintetico
13.41,34.7,46.3,desconhecida,neutro,27.5,continuar,sintetico
10.13,418.4,567.88,restaurante,neutro,305.4,abastecer,sintetico
20.48,239.5,368.09,estrada,desconhecido,166.7,alimentar,sintetico
13.77,207.4,205.8,restaurante,neutro,130.1,alimentar,sintetico
10.8,320.7,358.24,desconhecida,desconhecido,213.6,fazer_parada,sintetico
0.18,510.3,361.97,posto,tenso,123.5,descansar,sintetico
13.14,220.0,303.39,posto,animado,185.9,abastecer,sintetico
13.69,186.0,196.23,desconhecida,cansado,85.0,continuar,sintetico
8.12,452.0,491.99,estrada,bravo,282.9,fazer_parada,sintetico
17.89,190.2,208.25,desconhecida,neutro,187.7,fazer_parada,sintetico
7.04,60.3,94.79,desconhecida,animado,19.8,continuar,sintetico
9.56,591.0,473.65,desconhecida,desconhecido,29.8,continuar,sintetico
17.12,45.4,34.34,desconhecida,tenso,45.4,continuar,sintetico
13.19,531.4,326.38,desconhecida,tenso,531.4,fazer_parada,sintetico
6.29,163.7,257.12,posto,neutro,163.7,abastecer,sintetico
7.7,528.0,762.74,estrada,desconhecido,528.0,abastecer,sintetico
12.46,595.5,391.85,desconhecida,bravo,211.8,fazer_parada,sintetico
10.31,101.3,131.65,ponto_turistico,bravo,27.2,continuar,sintetico
20.15,152.4,237.05,posto,neutro,50.7,continuar,sintetico
16.64,367.8,483.6,desconhecida,neutro,210.8,abastecer,sintetico
20.0,6.5,4.17,ponto_turistico,tenso,4.1,continuar,sintetico
17.21,294.8,408.36,desconhecida,cansado,13.9,continuar,sintetico
20.88,150.9,201.38,estrada,neutro,80.5,continuar,sintetico
9.82,257.1,345.83,estrada,neutro,40.4,continuar,sintetico
21.0,239.0,308.63,desconhecida,neutro,8.8,continuar,sintetico
22.85,366.2,393.69,desconhecida,tenso,96.1,fazer_parada,sintetico
10.76,553.6,639.74,desconhecida,cansado,485.3,fazer_parada,sintetico
19.24,225.6,268.18,desconhecida,desconhecido,35.2,continuar,sintetico
11.2,590.5,595.76,desconhecida,bravo,590.5,fazer_parada,sintetico
19.32,373.5,305.46,restaurante,cansado,373.5,descansar,sintetico
18.56,150.7,189.93,restaurante,cansado,150.7,descansar,sintetico
12.1,156.8,191.15,posto,bravo,156.8,fazer_parada,sintetico
19.06,112.4,138.01,desconhecida,animado,112.4,continuar,sintetico
20.12,329.7,504.52,posto,desconhecido,273.8,abastecer,sintetico
16.26,429.5,581.2,estrada,desconhecido,283.7,abastecer,sintetico
22.87,251.1,315.63,estrada,animado,183.8,descansar,sintetico
18.87,211.8,244.71,desconhecida,tenso,197.4,fazer_parada,sintetico
18.39,300.2,325.3,estrada,desconhecido,89.5,registrar_ponto_turistico,sintetico
9.06,465.9,353.56,posto,desconhecido,465.9,abastecer,sintetico
20.89,510.4,434.9,estrada,desconhecido,478.4,abastecer,sintetico
6.18,599.2,566.89,ponto_turistico,animado,489.0,abastecer,sintetico
13.69,163.7,95.86,estrada,neutro,163.7,alimentar,sintetico
21.12,121.7,180.75,ponto_turistico,animado,121.7,registrar_ponto_turistico,sintetico
20.2,175.6,186.16,estrada,cansado,175.6,descansar,sintetico
14.79,195.9,160.82,desconhecida,neutro,178.8,fazer_parada,sintetico
6.14,577.5,731.52,desconhecida,desconhecido,6.9,continuar,sintetico
20.7,541.4,828.9,estrada,neutro,105.0,abastecer,sintetico
12.14,204.6,153.48,desconhecida,cansado,204.6,descansar,sintetico
10.97,504.8,520.83,restaurante,tenso,397.6,fazer_parada,sintetico
7.67,133.9,130.48,ponto_turistico,neutro,47.8,registrar_ponto_turistico,sintetico
8.57,257.6,216.09,desconhecida,neutro,122.6,continuar,sintetico
12.75,290.7,188.99,estrada,tenso,250.6,fazer_parada,sintetico
23.59,24.1,19.66,desconhecida,animado,24.1,continuar,sintetico
11.36,440.9,259.47,desconhecida,desconhecido,249.2,fazer_parada,sintetico
10.52,405.0,482.15,estrada,desconhecido,140.4,abastecer,sintetico
20.09,496.0,399.33,estrada,tenso,402.4,fazer_parada,sintetico
20.84,69.6,88.92,estrada,neutro,27.6,continuar,sintetico
8.5,20.0,31.04,estrada,desconhecido,8.0,continuar,sintetico
20.28,532.0,549.87,desconhecida,desconhecido,86.4,abastecer,sintetico
20.23,187.4,267.46,desconhecida,animado,176.6,alimentar,sintetico
7.1,26.2,32.54,ponto_turistico,cansado,26.2,continuar,sintetico
10.63,430.9,271.8,desconhecida,tenso,110.4,fazer_parada,sintetico
8.24,133.9,103.11,restaurante,neutro,68.2,continuar,sintetico
8.28,520.4,446.89,desconhecida,desconhecido,434.9,abastecer,sintetico
22.38,217.0,234.11,estrada,desconhecido,125.0,descansar,sintetico
17.94,445.4,285.8,desconhecida,desconhecido,445.4,fazer_parada,sintetico
18.93,221.4,325.65,ponto_turistico,neutro,127.8,registrar_ponto_turistico,sintetico
20.36,168.6,131.26,estrada,neutro,23.7,continuar,sintetico
16.37,358.8,377.88,desconhecida,desconhecido,101.6,continuar,sintetico
7.67,236.5,357.71,desconhecida,neutro,104.7,continuar,sintetico
12.22,60.7,36.0,restaurante,animado,14.8,continuar,sintetico
11.11,155.0,189.53,desconhecida,tenso,155.0,fazer_parada,sintetico
22.95,10.7,8.1,desconhecida,cansado,3.0,continuar,sintetico
18.55,74.8,99.57,desconhecida,bravo,3.6,continuar,sintetico
15.17,204.7,154.36,desconhecida,neutro,37.8,continuar,sintetico
7.85,29.2,37.08,ponto_turistico,animado,24.2,registrar_ponto_turistico,sintetico
17.61,286.5,319.3,posto,desconhecido,285.1,abastecer,sintetico
20.58,135.8,125.07,desconhecida,desconhecido,119.9,alimentar,sintetico
20.56,142.9,135.5,restaurante,desconhecido,76.7,alimentar,sintetico
7.8,6.4,3.93,ponto_turistico,neutro,6.4,registrar_ponto_turistico,sintetico
21.92,204.4,135.65,estrada,desconhecido,204.4,fazer_parada,sintetico
10.47,555.1,609.22,restaurante,desconhecido,42.8,continuar,sintetico
13.22,536.4,645.72,desconhecida,tenso,536.4,fazer_parada,sintetico
8.61,193.8,130.02,ponto_turistico,desconhecido,193.8,registrar_ponto_turistico,sintetico
17.61,6.5,10.16,desconhecida,cansado,6.5,continuar,sintetico
23.21,183.2,261.28,estrada,neutro,183.2,descansar,sintetico
9.94,581.3,533.41,ponto_turistico,bravo,478.8,fazer_parada,sintetico
0.4,373.6,363.02,ponto_turistico,tenso,373.6,descansar,sintetico
7.69,19.6,13.99,posto,bravo,1.9,registrar_ponto_turistico,sintetico
22.56,186.5,146.57,posto,desconhecido,186.5,descansar,sintetico
17.16,129.6,172.82,desconhecida,animado,129.6,continuar,sintetico
20.67,102.7,160.08,ponto_turistico,desconhecido,11.9,registrar_ponto_turistico,sintetico
16.0,348.0,268.01,desconhecida,cansado,318.5,descansar,sintetico
10.05,30.2,28.9,desconhecida,tenso,10.5,continuar,sintetico
18.96,59.5,70.5,posto,neutro,59.5,continuar,sintetico
19.94,144.3,221.3,desconhecida,animado,144.3,alimentar,sintetico
12.9,464.4,694.51,restaurante,desconhecido,365.5,abastecer,sintetico
18.25,102.1,68.06,desconhecida,animado,52.1,continuar,sintetico
7.41,100.7,109.87,ponto_turistico,neutro,36.2,registrar_ponto_turistico,sintetico
8.76,572.1,654.35,desconhecida,desconhecido,368.1,abastecer,sintetico
18.15,83.6,92.45,estrada,desconhecido,83.6,continuar,sintetico
13.39,211.4,333.22,posto,desconhecido,145.1,abastecer,sintetico
13.21,432.3,576.46,desconhecida,tenso,64.4,fazer_parada,sintetico
20.1,85.6,104.06,desconhecida,tenso,76.7,fazer_parada,sintetico
16.47,232.7,301.71,desconhecida,desconhecido,232.7,fazer_parada,sintetico
12.55,30.4,38.84,ponto_turistico,cansado,2.2,continuar,sintetico
7.04,271.4,393.13,desconhecida,cansado,209.9,descansar,sintetico
19.02,211.7,161.7,restaurante,animado,211.7,alimentar,sintetico
15.12,31.3,23.86,desconhecida,tenso,7.3,continuar,sintetico
19.17,231.1,352.05,restaurante,neutro,197.5,alimentar,sintetico
18.88,125.3,115.65,posto,cansado,13.8,continuar,sintetico
16.6,526.5,819.53,estrada,animado,85.3,abastecer,sintetico
8.67,204.6,120.83,estrada,tenso,204.6,fazer_parada,sintetico
15.29,243.3,151.62,desconhecida,animado,219.4,fazer_parada,sintetico
12.16,137.8,142.31,desconhecida,desconhecido,34.2,continuar,sintetico
23.37,163.1,155.52,desconhecida,bravo,18.2,continuar,sintetico
17.01,129.4,108.58,desconhecida,desconhecido,129.4,continuar,sintetico
19.93,403.3,377.0,restaurante,tenso,248.3,fazer_parada,sintetico
13.45,222.6,348.78,ponto_turistico,bravo,185.6,fazer_parada,sintetico
19.63,17.1,12.59,estrada,tenso,4.6,continuar,sintetico
10.23,40.8,32.14,estrada,desconhecido,8.8,continuar,sintetico
5.1,66.6,70.79,estrada,desconhecido,51.0,continuar,sintetico
16.74,243.5,295.96,desconhecida,desconhecido,185.8,fazer_parada,sintetico
12.45,526.8,592.7,desconhecida,desconhecido,484.9,abastecer,sintetico
7.26,440.4,335.28,desconhecida,neutro,47.2,continuar,sintetico
17.17,217.0,267.69,posto,cansado,217.0,descansar,sintetico
15.09,441.9,618.44,posto,bravo,202.5,descansar,sintetico
5.17,81.7,51.89,estrada,desconhecido,24.0,continuar,sintetico
6.59,403.8,633.75,ponto_turistico,cansado,226.7,descansar,sintetico
21.8,283.8,321.3,posto,desconhecido,283.8,abastecer,sintetico
13.35,547.4,729.85,estrada,desconhecido,191.9,abastecer,sintetico
12.76,190.0,131.33,ponto_turistico,animado,190.0,alimentar,sintetico
14.09,302.8,311.7,desconhecida,cansado,107.3,descansar,sintetico
9.46,161.1,100.26,desconhecida,tenso,161.1,fazer_parada,sintetico
22.54,464.6,394.05,posto,neutro,464.6,descansar,sintetico
15.11,315.7,360.83,ponto_turistico,cansado,296.3,descansar,sintetico
9.9,178.2,171.73,ponto_turistico,bravo,62.0,continuar,sintetico
9.11,544.2,750.62,desconhecida,neutro,50.6,continuar,sintetico
12.51,55.5,80.77,posto,cansado,55.5,continuar,sintetico
6.31,218.1,178.85,desconhecida,desconhecido,218.1,fazer_parada,sintetico
11.97,494.6,712.9,estrada,tenso,494.6,fazer_parada,sintetico
22.19,238.5,336.61,estrada,cansado,192.6,descansar,sintetico
18.13,464.3,524.34,estrada,desconhecido,464.3,abastecer,sintetico
20.16,82.1,80.54,estrada,desconhecido,28.2,continuar,sintetico
13.38,104.5,160.42,restaurante,neutro,46.4,continuar,sintetico
8.16,50.6,42.73,posto,desconhecido,0.1,continuar,sintetico
9.5,276.1,310.08,estrada,cansado,147.5,descansar,sintetico
0.88,97.5,77.59,ponto_turistico,cansado,0.5,continuar,sintetico
10.33,459.7,618.65,ponto_turistico,cansado,335.1,descansar,sintetico
3.84,521.5,310.51,desconhecida,desconhecido,329.5,descansar,sintetico
0.46,323.4,269.0,desconhecida,animado,68.2,continuar,sintetico
18.3,287.0,244.65,desconhecida,desconhecido,287.0,fazer_parada,sintetico
19.87,255.5,379.72,estrada,animado,255.5,alimentar,sintetico
22.27,264.1,416.73,desconhecida,desconhecido,264.1,descansar,sintetico
10.82,216.7,227.52,desconhecida,desconhecido,120.5,continuar,sintetico
6.87,170.7,127.8,desconhecida,desconhecido,98.5,continuar,sintetico
7.86,135.4,143.89,ponto_turistico,animado,135.4,registrar_ponto_turistico,sintetico
11.72,119.6,133.04,posto,animado,119.6,continuar,sintetico
7.35,346.0,432.0,restaurante,desconhecido,293.6,abastecer,sintetico
23.75,325.5,311.15,desconhecida,desconhecido,222.6,descansar,sintetico
19.03,521.0,761.54,estrada,neutro,521.0,abastecer,sintetico
9.66,228.9,246.49,posto,neutro,228.9,abastecer,sintetico
1.85,173.9,103.4,desconhecida,tenso,137.5,descansar,sintetico
2.53,227.6,356.93,desconhecida,desconhecido,227.6,descansar,sintetico
12.99,146.3,131.14,desconhecida,desconhecido,57.8,continuar,sintetico
11.93,458.8,388.84,restaurante,desconhecido,233.1,alimentar,sintetico
18.6,342.0,429.31,estrada,cansado,342.0,descansar,sintetico
10.78,188.4,202.54,restaurante,animado,188.4,fazer_parada,sintetico
12.69,584.8,797.38,posto,animado,319.5,abastecer,sintetico
6.01,168.9,206.84,desconhecida,animado,111.2,continuar,sintetico
8.21,27.7,42.08,ponto_turistico,desconhecido,4.8,registrar_ponto_turistico,sintetico
19.31,546.1,719.91,restaurante,animado,174.4,abastecer,sintetico
14.22,144.0,219.15,estrada,cansado,68.3,registrar_ponto_turistico,sintetico
13.02,247.0,211.31,restaurante,desconhecido,16.7,continuar,sintetico
7.34,328.3,338.12,desconhecida,bravo,328.3,fazer_parada,sintetico
21.17,298.4,213.81,desconhecida,neutro,252.0,fazer_parada,sintetico
20.61,32.9,39.89,desconhecida,animado,5.8,continuar,sintetico
13.81,187.3,114.73,restaurante,desconhecido,115.3,alimentar,sintetico
21.7,213.8,198.14,ponto_turistico,desconhecido,213.8,registrar_ponto_turistico,sintetico
11.06,133.7,193.88,posto,desconhecido,115.9,continuar,sintetico
16.71,574.9,699.51,estrada,bravo,380.6,fazer_parada,sintetico
9.44,159.4,131.74,desconhecida,cansado,159.4,descansar,sintetico
12.34,104.4,145.46,desconhecida,cansado,62.0,continuar,sintetico
15.93,31.1,42.89,estrada,cansado,11.1,continuar,sintetico
12.41,48.8,33.0,desconhecida,neutro,48.8,registrar_ponto_turistico,sintetico
8.8,293.2,188.2,estrada,cansado,293.2,descansar,sintetico
10.56,255.5,181.43,estrada,neutro,255.5,fazer_parada,sintetico
4.4,514.7,346.65,estrada,desconhecido,326.2,descansar,sintetico
4.26,139.2,146.86,posto,neutro,139.2,descansar,sintetico
13.62,35.2,55.21,desconhecida,desconhecido,8.0,continuar,sintetico
11.55,8.0,10.59,desconhecida,desconhecido,5.0,continuar,sintetico
18.43,506.0,612.05,ponto_turistico,neutro,506.0,abastecer,sintetico
18.92,226.5,159.92,desconhecida,desconhecido,23.1,continuar,sintetico
22.91,566.4,692.48,estrada,bravo,566.4,descansar,sintetico
17.36,508.6,462.96,desconhecida,animado,31.7,continuar,sintetico
10.66,7.4,5.99,estrada,desconhecido,5.9,continuar,sintetico
12.75,184.2,288.91,desconhecida,tenso,34.6,continuar,sintetico
6.93,126.8,118.64,desconhecida,cansado,126.8,descansar,sintetico
10.98,496.5,417.48,estrada,desconhecido,496.5,abastecer,sintetico
6.44,31.0,23.66,estrada,desconhecido,24.4,continuar,sintetico
21.26,50.6,54.1,desconhecida,animado,50.6,continuar,sintetico
18.68,282.8,283.55,restaurante,desconhecido,282.8,alimentar,sintetico
0.87,318.1,378.75,ponto_turistico,animado,194.6,descansar,sintetico
9.68,37.6,54.13,posto,bravo,7.8,continuar,sintetico
12.36,54.6,83.88,estrada,tenso,54.6,continuar,sintetico
11.11,21.4,26.17,estrada,desconhecido,21.4,continuar,sintetico
14.07,335.5,243.96,posto,desconhecido,335.5,abastecer,sintetico
7.67,20.5,18.07,ponto_turistico,tenso,20.4,continuar,sintetico
20.97,147.0,132.55,desconhecida,bravo,3.4,continuar,sintetico
11.07,107.7,129.57,estrada,desconhecido,107.7,continuar,sintetico
18.53,114.4,135.59,estrada,bravo,114.4,fazer_parada,sintetico
